,expression,tempo,avg_cent,std_cent,avg_rolloff,std_rolloff,rating,extra stars,cont_rating
0,(t&11)&((t&(t>>8))|7),117.1875,1036.8314,141.6497444,2677.775931,494.874746,0,,15
1,(t&3)|((t>>4)*3),117.1875,441.2665529,70.77537075,1023.188165,255.6688822,0,,0
2,((t>>3)>>2)*(((t*3)*(t^9))&3),117.1875,1067.837995,108.9734065,2010.206117,18.10404105,0,,15
3,(t&6)^((t>>7)&(t*6)),234.375,1086.496055,165.1784675,2640.375665,207.1643494,1,,60
4,(t>>6)*(t&6),58.59375,1060.793448,133.1339614,2118.134973,158.14451,1,,50
5,t|((t*8)>>8),58.59375,462.087986,88.21923053,1095.777926,307.6040452,1,,30
6,t-(t&(((t>>9)*9)&(t^(t&10)))),33.48214286,666.3638866,79.31823282,1715.375665,200.9155813,1,,65
7,(t|((t|4)&(t>>5)))>>(((t>>8)+10)&6),117.1875,504.644661,89.64932794,1231.050532,307.0438526,0,,5
8,((t|7)-9)&(t>>(t&7)),156.25,1560.008192,124.7137196,3073.520612,98.7792786,0,,5
9,(t>>3)&((t>>3)*(t*((t&(t|(t&3)))&6))),117.1875,1797.291212,55.80412334,3290.043218,55.58264081,0,,5
10,(((t|0)^6)>>4)|((t|3)+(t-3)),117.1875,547.1987556,71.13192466,1377.277261,213.930623,1,,25
11,((t&(t>>4))^5)|((t*(t>>3))*(t*2)),117.1875,1662.796695,73.88139057,3275.265957,27.82338485,0,,0
12,((t*10)>>10)&(t&11),117.1875,1094.380322,63.07505029,2495.711436,68.05569846,0,,15
13,t>>((t&1)*((t&0)+5)),58.59375,1554.099329,155.5268949,3930.053191,37.82612892,0,,5
14,((t^9)>>9)>>((t>>8)&11),117.1875,439.0300448,179.5736337,1079.072473,455.3983615,0,,0
15,t&((((t|7)|(t*6))*((t&7)&((t+(t>>4))>>6)))&(t*5)),0,1628.916717,81.64294973,3350.631649,182.5217784,0,,0
16,t&(((t*1)>>1)>>4),58.59375,690.3252612,86.8207206,1758.111702,192.6299526,1,,35
17,t>>(t&3),117.1875,1322.215271,98.40719959,2729.105718,253.4568429,0,,0
18,((t*(t&4))|((t^(t*(t&6)))>>6))&(t*4),58.59375,1035.155578,89.95995664,2371.642287,216.0076918,1,,45
19,(t-7)^(((t>>9)*10)+((t-9)&9)),72.11538462,732.6711787,96.05997103,1904.504654,199.8424291,0,,20
20,t^(((t>>8)&(t*6))^(t^6)),117.1875,1040.812821,149.614296,2592.935505,271.126344,1,,25
21,(t>>4)&(t*6),117.1875,1065.316016,109.0255749,2560.272606,119.8033597,1,,25
22,t*((t%9)/11),187.5,1656.563654,194.392663,3338.896277,250.1115493,0,,10
23,(t>>(t&8))/(((t>>7)*((t>>8)>>11))^9),104.1666667,799.4076243,94.20257768,2034.391622,416.8591726,0,,5
24,(t*(t&(t>>(t&7))))&(t>>4),117.1875,1799.71288,71.06263103,3346.791888,27.89095979,0,,15
25,(t>>(((t*5)+(t|7))&(t>>8)))&(t|(t&6)),312.5,1631.40989,144.6646344,3160.821144,171.6794235,1,,25
26,t+((t&((t-(t+12))&(t>>10)))&((t^11)%10)),187.5,686.5060507,90.991729,1774.301862,237.2562939,0,,5
27,(t/9)*((t>>9)&11),187.5,573.238272,82.1042718,1449.235372,258.9221711,0,,0
28,((t*7)|(t>>5))+(((t&2)&2)>>(t&1)),58.59375,1540.769279,82.07562414,3155.319149,107.0427926,0,,15
29,(((t%6)|(t-6))&((t|2)>>6))>>(t>>(t&(t*4))),117.1875,746.9514594,142.7585051,1878.191489,293.9924636,1,,55
30,(t|4)&((t>>3)^(t+4)),117.1875,773.5830082,100.8317831,1974.301862,273.162772,0,,0
31,(t*7)&((t|5)&(t*((t>>6)-(((t%5)-8)>>(t*8))))),58.59375,1700.273709,274.148636,3166.306516,301.6272003,1,,20
32,t>>(t&(t>>7)),117.1875,1172.611928,169.0351442,2814.860372,486.3423737,0,,45
33,(t>>8)*((t^((t^((t*9)>>8))+(t&5)))&((t*(t&8))^(t*8))),58.59375,1673.040874,157.2138456,3255.269282,212.8419171,0,,5
34,((t&(t>>(((t*0)&1)&0)))>>2)|((t&2)|(t*(t&3))),117.1875,1380.370205,54.47689393,3424.384973,106.1379768,0,,0
35,(((t-(t&6))^((t&4)|6))*7)&(t>>5),58.59375,1355.897469,138.9382968,3505.053191,97.68209114,1,,30
36,t*(t>>6),58.59375,1763.342151,329.2018703,3188.979388,377.123663,1,,30
37,((t>>6)|7)^(t*((t*8)&8)),117.1875,1520.255561,200.8325935,3702.443484,153.1414194,1,,50
38,((t>>7)|1)&(t*3),234.375,1016.883359,198.1560812,2509.507979,237.3213148,1,,40
39,t*((t^(((t^7)>>(((t+7)>>6)&4))&9))>>6),58.59375,1763.342151,329.2018703,3188.979388,377.123663,0,,20
40,(t^4)&((t+(t>>5))>>5),62.5,699.3680474,90.588902,1783.976064,206.7548444,0,,20
41,t>>(((t>>4)&7)&(t*(t*(t>>5)))),117.1875,1465.137579,136.5579412,3744.132314,121.1601538,0,,10
42,t&(((t^3)-6)>>((t&(t*(t^(t-4))))>>4)),117.1875,1516.001691,293.0647819,3001.047207,480.9224143,0,,0
43,(t>>5)&(t>>((t&(t>>6))&7)),58.59375,1475.777351,210.0763454,3247.024601,291.9892375,1,,20
44,t*(t/10),0,1798.640484,124.7061917,3310.422207,110.6617505,0,,5
45,((((t&12)*10)|12)*(t^10))&((t*11)>>10),156.25,1537.376636,129.5344481,3364.012633,221.2078393,1,,60
46,(t|6)*(t>>8),58.59375,1741.811538,280.0637791,3636.22008,362.7046559,1,,65
47,((t*8)|5)&((t^7)>>(t&7)),117.1875,1647.22115,118.4676953,3200.382314,97.81839894,0,,0
48,(t*8)+(t>>9),117.1875,894.6807512,154.4897081,2267.553191,348.6061369,0,,0
49,((t*6)|8)&((((t|(t&6))^((t>>8)^6))+(t*9))&10),117.1875,1865.964427,109.6255069,3394.996676,396.5272726,0,,5
50,((t>>9)&(t^(t>>6)))&((t%10)&(t*9)),58.59375,1698.069218,172.7960812,3200.914229,198.1597203,1,,20
51,((t^7)*9)|((((t>>7)>>6)|(t>>4))^8),117.1875,980.7278115,168.9475735,2464.112367,276.2751413,1,,20
52,(((t%5)&6)+(((t&6)&10)^(((t*7)>>6)*8)))*(t>>8),58.59375,1593.748397,202.1274425,3262.5,254.3792393,0,,15
53,((t*6)^((t|0)+8))&(t>>(t&(t&5))),187.5,1635.526486,122.0761278,3391.605718,145.6070664,0,,0
54,(t>>4)>>(t&((t>>(t>>6))|((t%3)|5))),117.1875,1346.487347,209.3559003,3211.93484,299.2968692,1,,20
55,(t^0)>>((t*(t*6))&5),117.1875,1541.023166,133.9130533,3932.995346,31.07757149,0,,0
56,t|(t>>5),58.59375,462.087986,88.21923053,1095.777926,307.6040452,0,,10
57,t*(t/10),0,1798.640484,124.7061917,3310.422207,110.6617505,0,,0
58,(t>>10)^(((t+12)-10)>>(((t&12)>>(t*(t%9)))|9)),117.1875,713.8889909,168.1148825,2202.277261,693.045642,1,,25
59,t-(((t&(t&7))*(t&(t>>10)))*(((t*7)|(t*4))*8)),29.296875,1668.570397,129.705117,3329.837101,201.3256302,0,,20
60,t*(t/10),0,1798.640484,124.7061917,3310.422207,110.6617505,0,,0
61,t^((t^5)-(t>>4)),117.1875,989.6948899,96.06727078,2577.044548,91.97575207,0,,0
62,t*(t>>6),58.59375,1763.342151,329.2018703,3188.979388,377.123663,0,,5
63,((t&6)^(t*(t>>10)))*(t>>10),58.59375,1614.892864,230.976288,3106.515957,398.2156531,1,,50
64,(((t>>1)>>4)&(t+1))|(t*((t-3)^(t&(t&3)))),58.59375,1554.833944,99.04455333,3220.52859,78.32930436,0,,10
65,(((t|2)+1)&3)-(((t*2)|4)>>3),117.1875,951.8231349,120.2430697,3374.285239,222.6262304,0,,0
66,t>>(t&3),117.1875,1322.215271,98.40719959,2729.105718,253.4568429,0,,0
67,t*(t/10),0,1798.640484,124.7061917,3310.422207,110.6617505,0,,0
68,(t>>9)*((t^(t>>(t&8)))&10),117.1875,1342.398809,187.1662406,2458.444149,28.09018156,1,,10
69,t&((t>>5)^3),58.59375,688.8185036,85.63463545,1756.067154,191.7260621,0,,15
70,(t*8)+(((t&9)*((t&(t*8))>>(t*7)))-(t>>8)),117.1875,1009.977879,147.548679,2506.615691,254.8380687,0,,0
71,((t>>10)*(t|10))-((t|12)*((t&8)>>(t&12))),58.59375,1630.899805,289.7880863,3464.444814,463.766278,1,,35
72,t&(t>>5),58.59375,690.3252612,86.8207206,1758.111702,192.6299526,0,,0
73,t|(t>>5),58.59375,462.087986,88.21923053,1095.777926,307.6040452,0,,0
74,t*((t&9)&(t+(t>>9))),58.59375,1830.404593,94.94517284,3711.369681,140.7281877,0,,10
75,((t*(t&2))>>8)&(t>>8),117.1875,1126.282608,104.2578201,2015.458777,18.98945075,0,,0
76,t%(((t^2)>>3)|5),117.1875,959.8181425,92.63359626,2405.152926,95.21225812,0,,0
77,(((t|10)*11)*((t^10)>>11))+(t|(t>>(t|12))),30.24193548,1604.37642,264.2766029,3448.238032,347.6580418,1,,30
78,t&(((t>>(t>>(t*(t|6))))&(t>>9))*6),187.5,1012.045371,221.8747774,2384.09242,322.5641872,1,,30
79,t&((t*(((t>>(t*7))^7)&(t&6)))>>6),58.59375,1230.668226,82.97867838,2340.009973,153.7295836,0,,10
80,((t>>10)|(t*10))|((t&8)*((t*8)*9)),0,1017.433914,111.0798749,2523.65359,224.8011772,0,,0
81,(t>>7)&((t&6)+(t*8)),117.1875,1069.134094,285.413145,2543.400931,472.2319923,1,,45
82,(t>>5)-(((t&2)*(t>>(t*4)))^(t&(t>>2))),58.59375,714.5269881,144.3861185,1823.587101,347.4315755,1,,0
83,t^(t|(t>>7)),312.5,715.8977214,160.8996976,1809.208777,308.7252462,1,,30
84,t>>((t>>((t&10)|(t&(t>>12))))>>((t&11)&10)),187.5,974.096646,66.58392461,2429.138963,114.2626935,0,,0
85,t&(t>>5),58.59375,690.3252612,86.8207206,1758.111702,192.6299526,0,,5
86,(t*((t*8)>>9))|(t|((t|(t*(t&9)))&9)),58.59375,1476.716192,269.3059959,3047.257314,412.4393263,0,,15
87,(t-(t*((t^5)*9)))*((t&4)|(t>>9)),117.1875,1738.812526,111.0222623,3328.075133,167.558094,1,,25
88,((t^6)>>(((t%5)^7)%5))&(t>>(t&((t+9)>>8))),117.1875,1701.340977,126.6779637,3228.474069,119.1760371,1,,25
89,t|(t*(t>>6)),58.59375,1476.716192,269.3059959,3047.257314,412.4393263,0,,15
90,t|(((t>>4)>>((t&((t&6)+(t*4)))|(t&6)))>>6),58.59375,613.9875572,52.15270272,1601.745346,163.1971394,1,,20
91,t>>((((t>>12)>>(t&11))*9)&(t^((t>>10)^9))),117.1875,1374.48643,171.7520808,3059.574468,370.1477994,0,,15
92,((t|7)>>((t>>(t>>(((t&11)&6)%6)))^7))*((t&6)*7),104.1666667,1148.274802,113.9090705,2183.843085,138.4772553,0,,20
93,((t^(t>>8))*(t^11))&(((t*(t>>6))^8)&(t%8)),117.1875,1808.429386,128.6893409,3185.455452,161.9707036,0,,5
94,((t|10)^(t>>(t&7)))^(t>>((t>>8)^8)),187.5,1841.856947,149.862302,3216.988032,176.6117326,0,,5
95,t>>(t&3),117.1875,1322.215271,98.40719959,2729.105718,253.4568429,0,,5
96,(t|(t>>(t&((t*6)>>6))))^((t>>((t%6)^(((t|6)>>6)>>7)))%(t|6)),187.5,1646.976135,210.1960509,3175.548537,279.8571039,0,,0
97,(((t%8)^6)*(t>>5))&(t*10),58.59375,1783.545033,125.0712344,3320.495346,163.9992606,0,,10
98,t>>((t&(t>>12))|((t^15)%12)),234.375,1289.617732,187.35532,2818.683511,308.9586084,1,,45
99,((t|(t|(t-4)))^(t>>(t^8)))/(((t>>(t+(t*6)))*7)^10),93.75,484.160241,107.0803295,1119.597739,304.0045294,0,,0
100,(t>>8)&((t>>(t&((t&5)|6)))>>8),117.1875,1705.171155,253.9342337,3254.537899,515.22464,0,,15
101,t&((t>>10)*(t*9)),33.48214286,1563.428942,305.628347,3079.986702,434.8160619,1,,40
102,t&(t>>(t%4)),117.1875,1428.158512,102.6769349,3292.1875,304.0871831,0,,5
103,t&(((t>>7)&(t*6))>>((t&(t*8))*(t&6))),78.125,1449.87419,101.6104809,2668.899601,183.4680943,0,,30
104,((((t|(t>>11))^((t|9)*10))*(t&11))&15)*(t/((t>>13)+11)),117.1875,1835.842962,139.1750616,3566.705452,189.7989433,0,,20
105,(((t|5)-(t>>(t&2)))+2)|(t>>4),117.1875,866.0269079,197.2693558,2001.628989,57.43995427,0,,0
106,t|(t^((t>>((t&5)*(t>>5)))>>5)),187.5,1041.131673,188.5027112,2835.289229,344.6033412,0,,10
107,t>>(t&((t|((t*8)&6))&(t>>8))),117.1875,1178.335715,168.6255877,2661.369681,385.3064054,1,,30
108,t*(((t>>10)|8)*(t*8)),58.59375,1797.617446,176.0323268,3516.638963,331.2343932,1,,60
109,t>>((t^(t|11))*(((t|8)&(((t>>10)*(t&11))*10))>>11)),8.680555556,1002.011761,309.4402679,2339.62766,637.4213589,1,,45
110,t&((t^4)>>(t&(t>>((t|3)&7)))),117.1875,1491.230367,227.5005005,3169.863697,294.6062061,0,,20
111,((t>>8)^(t&6))&((t%9)^11),117.1875,1409.899685,133.1092087,3115.625,147.6336014,0,,15
112,t^(t*((t>>10)*7)),78.125,1666.396815,346.3602263,3131.715426,405.5179145,1,,30
113,(t*5)^((t%8)*((t|8)>>8)),49.34210526,1648.331891,165.2599871,3257.03125,191.1011395,0,,20
114,(t>>7)&(t>>((t^8)&9)),234.375,1666.580559,172.8708832,3670.644947,136.4115322,1,,40
115,(t&(t&6))*((t>>7)*6),85.22727273,1145.724199,116.6920733,2171.326463,131.4538527,0,,10
116,(t%9)&(((t>>10)>>((t&9)>>8))*(t&6)),58.59375,1713.730279,139.399871,3304.155585,225.6636325,1,,45
117,(t&3)+(t&((((t%3)|(t|0))|4)>>(t&((t*3)>>1)))),85.22727273,1413.858734,131.5774567,3665.076463,446.5266935,0,,0
118,(t^6)&(t>>7),234.375,713.7507067,156.3498092,1803.90625,298.868847,1,,30
119,(t&7)+((t&(t>>5))^(t&9)),58.59375,700.2677575,74.56535227,1795.412234,166.2087809,0,,15
120,(t>>7)&((t>>(t&(t>>(t*9))))*(t*9)),117.1875,1751.511731,114.5045116,3391.672207,171.8398837,1,,30
121,((t>>3)|(t&5))&(((t>>4)^3)^5),117.1875,499.7762132,81.93474946,1205.634973,271.2708583,0,,0
122,(t/10)+(((t^((t|11)^(t|(t^6))))^(t&11))/10),93.75,448.6733408,58.95301181,1050.581782,205.1067193,0,,0
123,t&(t>>7),312.5,717.2430696,160.7592542,1812.267287,308.2278591,0,,20
124,t*(t&((t&(t*6))>>9)),104.1666667,1644.633261,112.3018561,3379.787234,248.3893333,0,,10
125,(t^0)%((t&(t>>2))^(t|2)),117.1875,1215.844882,73.95319159,2239.644282,33.19983678,0,,10
126,t*((((t&(t*8))>>6)-7)*(t^7)),117.1875,1550.52285,113.342546,3079.205452,90.28856888,0,,0
127,(((t>>6)^8)*((t>>((t^2)>>2))-(t&2)))^(((t&7)>>5)^(t*5)),58.59375,1328.353684,111.842812,2668.134973,67.10587264,0,,20
128,(t>>4)>>((t^(t|4))^(((t%4)&(((t^5)&6)&5))&(t&5))),117.1875,606.6965155,271.8869486,1506.898271,967.399973,0,,15
129,t>>(((t>>7)&11)%((t|(t|9))&11)),117.1875,768.7437117,141.2969205,1965.940824,105.4202459,0,,15
130,(t&(t|9))^(t|(t>>8)),234.375,715.4723288,194.4144607,1804.355053,358.5840533,0,,30
131,(t*(t|16))^((t*(t*(t>>12)))*11),58.59375,1651.075837,106.4499504,3273.404255,152.6577555,0,,35
132,((t>>9)%7)^((t&8)&(t*(t|11))),133.9285714,1158.18909,138.9478505,2940.176197,107.3160286,0,,20
133,((t&(((t^10)|(t>>9))|4))*(t&(t&8)))*((t^11)*9),117.1875,1620.497637,85.03871954,3236.43617,146.2061454,1,,35
134,(t|5)%(((t>>6)*5)|6),117.1875,675.4591831,131.2399349,1708.59375,336.1015959,0,,5
135,t*(t>>6),58.59375,1763.342151,329.2018703,3188.979388,377.123663,0,,10
136,(t>>8)&(t&(t&((t*(t|4))%8))),117.1875,1888.807093,98.33813339,3521.293218,326.0246731,0,,5
137,t>>((t+((t|5)*6))%7),117.1875,1500.894276,149.0598705,3370.09641,216.1342529,0,,5
138,t&(t>>5),58.59375,690.3252612,86.8207206,1758.111702,192.6299526,0,,10
139,t|((t>>9)*(((t>>10)*8)*(t^6))),28.40909091,1323.483483,195.6014321,3070.728059,408.0657958,0,,15
140,(t|(t*7))*(((t^7)^(t^((t>>2)|4)))>>5),117.1875,1778.048477,186.1536226,3395.81117,206.5673072,0,,10
141,((t>>8)>>(t&(t>>((t%9)&10))))^(((t>>11)*(t^(t|(t*9))))&(t&9)),117.1875,1875.603678,142.3693376,3290.824468,178.4488753,0,,20
142,(t&8)*((t^6)+((t&(t>>8))*(t*7))),58.59375,1698.667918,79.08825023,3277.293883,89.9470244,0,,5
143,t&(((t>>5)^(t^5))|(((t&(t|2))>>(t|5))>>5)),58.59375,681.541721,75.64419959,1740.774601,175.0044255,0,,10
144,(t&(t*(t&7)))/(t|(t^4)),104.1666667,1627.227053,265.3845495,3368.085106,439.3863972,0,,15
145,((t>>7)*12)&(t*(t*8)),58.59375,1791.760473,164.6078959,3529.504654,84.87392088,1,,20
146,t&(((t>>6)>>(t%((t&((t*5)>>(t>>6)))+2)))&6),117.1875,1663.384113,129.7905013,3205.335771,183.0345873,0,,0
147,t|((t>>2)>>((t%2)&1)),117.1875,1135.475362,192.7107985,3533.793218,543.4774894,0,,5
148,(t>>2)%(t^(t+7)),117.1875,1613.319194,119.0349183,3439.178856,153.246056,0,,0
149,(t|4)&(t>>((t*(t>>(t&(t>>3))))*5)),58.59375,663.8130034,111.5986389,1702.360372,268.4065335,0,,10
150,(((t^5)>>9)&7)*((t-(t|9))*(t&7)),117.1875,1695.430267,117.0782134,3499.983378,1.990104458,1,,20
151,(t&8)*((t^8)&((t|12)>>7)),117.1875,1123.720033,86.45040222,2546.924867,90.79198726,1,,15
152,(t*((t>>6)-7))>>((t&7)>>8),58.59375,1757.174084,335.6170821,3183.577128,387.0589382,0,,10
153,(t*7)&(((t>>(t&8))^7)%6),78.125,1594.829644,81.16941624,3105.651596,116.3557822,0,,15
154,((t>>6)&(t*6))^(((t*8)>>(t*6))*(t&(t%10))),234.375,1149.490427,209.1457054,2690.890957,200.6955831,1,,35
155,(t|((t%(t|4))^(t^7)))+((t^8)*((t>>8)|7)),117.1875,1476.935843,302.0189394,3033.111702,414.7687096,1,,55
156,((t>>0)>>2)-((t>>4)|4),117.1875,496.4683214,98.81798036,1178.706782,304.620597,0,,0
157,(t*3)>>((t&((t-2)>>(t^(t+2))))>>6),117.1875,1301.091678,125.0337294,2393.600399,158.5601856,0,,10
158,t>>(t%9),117.1875,1351.516126,93.75588344,2795.378989,146.7374326,0,,5
159,(t^5)>>(((t*4)&(t|4))>>((t*1)*((t&(t&4))*6))),117.1875,1172.931277,129.2191562,2951.213431,55.01818913,0,,10
160,(t&(t>>7))&(((t>>8)^9)*6),78.125,708.5580457,121.8080625,1781.266622,277.3144833,0,,15
161,t&(t+((t>>((t|5)&8))+7)),187.5,924.8359803,106.1146351,2334.607713,196.7603856,0,,0
162,t+(((t*6)>>((t&7)|7))*7),78.125,678.7948546,74.18575219,1814.760638,240.719655,0,,0
163,t>>(((((t*(t>>5))^(t&(t&3)))^2)-4)&4),117.1875,1319.904139,199.3189012,2956.25,145.0587431,0,,0
164,((t>>10)^8)|(t*((t&7)+8)),72.11538462,1617.615066,47.16618314,3389.993351,30.95759068,0,,0
165,(t|(t&7))*(t/8),0,1793.097701,110.19959,3311.668883,102.0012012,0,,5
166,(t*2)^(t>>((t>>1)*(t*(t&(t>>3))))),117.1875,786.6440966,162.8720807,2072.473404,481.7878804,0,,20
167,(((((t*(t&9))^6)|6)^7)>>(t&9))>>((t&5)*6),58.59375,1831.852462,104.5846512,3499.351729,32.57310369,0,,15
168,t|((t>>7)*7),104.1666667,479.5076297,68.73226138,1154.97008,238.7604684,0,,5
169,t>>(t*(t&(t&((t|10)>>8)))),187.5,1456.98674,241.1766723,2939.960106,507.1511902,1,,20
170,((t>>5)&(t^7))>>(((t&6)|6)&8),58.59375,690.13568,86.45908588,1757.446809,191.8309952,0,,10
171,(t%10)|((t&8)&((t>>10)*(t&7))),29.296875,1494.197369,245.1912181,3039.012633,356.772761,1,**,75
172,(t>>5)&((t-((t|6)%5))&((t*5)-5)),58.59375,1132.407296,143.1799507,2717.802527,182.2160306,0,,20
173,((t*1)>>5)>>((((t^4)|((t&8)|7))+6)*((t|5)&(t&(t&4)))),58.59375,913.7361011,66.11356664,2987.948803,18.56187811,0,,10
174,(t>>5)-((t*1)^(t&((t*5)&((t|0)&4)))),58.59375,890.8445103,157.0330602,2537.150931,526.457325,0,,0
175,(((t>>4)^1)*(t*0))^((t&((t^(t*0))+1))>>4),117.1875,556.1920094,164.1898005,1557.895612,700.8450816,0,,0
176,(t|3)&(t>>5),58.59375,680.2404292,77.55498622,1727.144282,178.2820751,0,,10
177,(t%7)*(((t&(t>>3))|(t|(t%4)))>>7),85.22727273,1350.664052,241.6060201,3011.685505,526.72485,0,,15
178,((t>>10)*13)*((t^(t^9))+((t+10)>>((t%12)^12))),23.4375,1716.460499,145.3094183,3303.125,223.2595817,1,,5
179,t+(t&((t*(t*8))&(((t>>9)*7)&10))),187.5,1071.228831,93.77714687,3304.305186,289.5677761,0,,5
180,((t|(t>>6))*7)^((t^((t&6)>>(t>>(t&9))))%9),58.59375,1117.20385,170.4787851,2700.232713,400.8516025,0,,25
181,(t&7)^(t&(t>>8)),117.1875,697.6100225,156.7217923,1777.277261,316.5282193,0,,25
182,t/((t^5)-(t+2)),133.9285714,1576.10366,100.5891331,3464.012633,259.5849175,0,,0
183,(t&(t>>8))&((t&9)+(t&7)),58.59375,1368.65401,158.5209156,2883.444149,235.9006549,1,,25
184,(t^(t*((t>>4)&6)))>>((t*7)&8),133.9285714,1590.423548,98.76300406,3513.547207,21.99770663,0,,5
185,t*(((((t>>11)*(t^(t*8)))|(((t&12)>>12)>>9))*7)|((t*8)&10)),58.59375,1659.821335,129.3912808,3280.585106,182.7351954,1,,20
186,(t>>6)&((t&6)*(((t^7)-12)>>7)),58.59375,1142.539185,144.096059,2078.357713,81.97509712,1,,20
187,t>>(t&3),117.1875,1322.215271,98.40719959,2729.105718,253.4568429,0,,0
188,(t>>3)|(t>>((t&1)*2)),117.1875,1180.666129,189.942024,3755.019947,187.4539189,0,,0
189,((t/4)*(t|(t*(t^-1))))*((t>>5)&(t*5)),0,1858.060171,29.87259985,3387.034574,40.17972125,0,,0
190,((t>>6)-(t^((t>>1)|5)))-((t>>4)&5),0,902.3298113,73.41400269,2299.301862,203.8240601,0,,10
191,t&((t>>(t&5))+(t>>7)),234.375,1650.864662,138.431555,3544.498005,201.508113,0,,5
192,((((t>>(t*10))*(t^11))^11)*(t&9))&((t*8)>>11),117.1875,1436.264195,458.211848,3309.607713,606.7598497,1,,30
193,(t&(t>>7))*(((t*11)&((t*9)&12))^11),117.1875,1521.139625,93.71165892,3201.579122,130.4671564,1,,35
194,((t&(t>>5))&((t>>6)^8))&(t*((t^8)&11)),85.22727273,1592.336781,132.3497113,3326.944814,189.7891807,1,*,60
195,t&((((t>>((t^1)&2))|(t*2))>>(t*0))>>5),58.59375,835.8968815,146.5867262,1988.796543,92.8161989,0,,30
196,((t>>13)>>(t&(t&(t>>15))))|(t>>(t*(t>>12))),14.6484375,817.2509094,484.8983032,2466.788564,1564.872757,0,,10
197,(t>>8)^((t&5)&(t+(t&11))),117.1875,209.9299946,218.7279377,312.5664894,631.5129779,0,,0
198,(((t*13)&15)>>13)+(t>>((t%13)&((t>>13)%11))),117.1875,1197.446449,271.0584999,2785.521941,647.0436275,1,*,45
199,((t|(t>>6))*6)^(((t&10)-6)+(t&(t&7))),58.59375,1102.830558,123.4175241,2506.200133,263.4797507,1,**,45
200,(t+7)-(t|((t>>9)&7)),117.1875,975.5611419,157.3428549,2498.969415,491.07212,1,,35
201,t&((t>>8)&(t+9)),117.1875,803.6885674,256.4407301,1991.223404,448.5230133,0,,15
202,(t>>7)&(t*8),117.1875,1050.18765,296.2105561,2509.724069,515.3930362,1,,25
203,(((t>>9)*5)>>(t&(t%4)))^(((t+5)^((t&3)%7))|8),78.125,1549.185982,291.627402,3201.828457,554.6714692,0,,5
204,t&((((t|0)>>6)>>2)&(((t^2)|1)^((((t|2)^3)>>(t&4))&(t*5)))),117.1875,1097.523266,176.1822698,2629.936835,235.5852566,1,,55
205,(t>>8)&(t*((t|5)|((t|6)|(t>>((t^7)*8))))),117.1875,1745.625523,69.80468868,3389.644282,113.0153207,0,,50
206,((t*7)^4)&((t^8)>>5),58.59375,1208.021669,160.6130507,2786.15359,169.181606,0,,25
207,((t>>3)&(t*(t%2)))-(t|4),117.1875,1381.442475,133.9135041,3785.904255,172.7767355,0,,0
208,((t>>(t&9))>>((t>>10)%14))&(t>>(t&((t>>7)-9))),33.48214286,1631.085686,200.6904553,3308.759973,387.3247869,0,,35
209,((t*9)>>11)*(t^(t&12)),133.9285714,1737.153525,316.9014915,3402.06117,469.7972683,1,,60
210,(t|7)*(t>>7),117.1875,877.30686,85.5864065,2211.884973,209.0807351,0,,20
211,(t&9)*(((t>>((t>>5)>>10))/8)*((t>>8)*8)),58.59375,1882.537613,32.78919403,3561.120346,127.5401819,1,,50
212,(t^(t&7))/((t|8)^((t*(t&8))-(t|(t&11)))),187.5,1647.05977,181.0223126,3396.742021,233.2126719,1,*,65
213,t^((t^(t%4))&(t>>5)),58.59375,682.6298484,77.30034922,1749.301862,181.1290345,0,,20
214,(t+((t|(t-3))>>2))%((t>>3)|(t|2)),117.1875,724.3665995,100.145167,1939.793883,306.9788367,0,,5
215,t>>(((t*12)&(t^10))&(t>>(t&8))),117.1875,1458.926112,111.9301742,3059.375,154.412315,0,,25
216,(t^6)-(((t*3)*(t^3))&((t>>(t&(t&2)))&(t&(t>>4)))),117.1875,1036.08522,146.8515017,2357.180851,235.0773297,0,,5
217,(t>>8)&(((t%4)>>6)|(t>>7)),117.1875,300.6674618,201.131233,624.0359043,581.3367517,0,,0
218,(t|9)>>((t&9)*7),14.6484375,1652.373651,144.0311248,3644.996676,106.1118787,0,,10
219,(t%8)|(((t*9)*13)+((t*9)>>12)),133.9285714,1609.081264,26.79578617,3652.277261,0.620616845,0,,0
220,(t>>(t&7))|(((t%8)*(t>>9))*7),133.9285714,1384.078275,102.0412531,3017.47008,52.43544622,0,,5
221,(t*(t&7))>>(((t&7)|8)%8),234.375,1500.159037,154.2535785,3001.595745,66.35038667,0,,5
222,(t>>5)&(t^8),58.59375,689.0985878,85.18992627,1755.701463,187.8107821,0,,0
223,((t-7)>>9)*((t&10)*10),72.11538462,1193.074054,134.5339962,2362.28391,138.6788822,1,,25
224,(t&5)|((((t&3)*((t>>(t&2))*7))>>4)>>(t%6)),104.1666667,1740.004047,102.8646503,3345.478723,51.21602853,1,,35
225,(t>>6)&((t^(t^2))*(t^6)),234.375,806.00721,153.0006384,2011.801862,256.7779368,0,,40
226,(t>>5)*(t&(t^((t>>3)>>5))),58.59375,1586.297256,142.9209216,3341.140293,267.925314,1,,45
227,t&((t>>5)|7),58.59375,686.532505,78.71067995,1752.277261,176.232822,0,,10
228,t+(((t>>6)|(t^6))*9),133.9285714,1321.585925,78.30428955,3040.05984,122.5503509,1,,20
229,(t>>5)&((t*1)>>4),117.1875,443.2416681,131.1297587,1015.974069,454.3180257,0,,0
230,t&((t^6)>>7),312.5,717.2430696,160.7592542,1812.267287,308.2278591,0,,30
231,(((t>>9)&(t*9))+(t|10))%((t>>11)+11),58.59375,1633.992448,159.4619425,3223.93617,212.9636624,1,,45
232,t^(t>>((t>>8)*((t*12)&(t^9)))),85.22727273,781.9009386,197.601556,1978.573803,438.599011,0,,5
233,((t+4)&3)*((t>>7)|7),93.75,1401.025485,231.2275451,3594.24867,721.7072177,0,,20
234,(t%10)&((t+((t+(t&13))*(t&9)))>>11),133.9285714,1791.745161,150.9246618,3320.794548,165.7770053,0,,15
235,((t>>(t%7))|5)&(t|((t&(t&7))^(t*5))),93.75,1507.263311,114.7591854,3241.090426,136.0151118,0,,5
236,t>>(t%9),117.1875,1351.516126,93.75588344,2795.378989,146.7374326,1,,10
237,(((t>>9)|(t%11))&(t*10))*(((t&13)&13)|11),58.59375,1748.291341,81.64409887,3307.762633,93.4771912,0,,60
238,t^(((t+1)>>(t&(((t>>1)*6)*4)))|(t*5)),117.1875,807.0334662,132.3657429,2079.504654,181.1650925,0,,0
239,t>>((t&(t&5))*(((t|(t+4))>>(((t&8)*9)+9))&7)),187.5,1241.827941,107.7398479,3111.851729,203.2107352,0,,15
240,(t>>(t&2))>>(((t^(t*2))&2)%4),117.1875,1447.006924,115.3894303,3660.405585,436.6059356,0,,5
241,(t+(t-((t&(t&8))^3)))&((t|(t+2))>>(t%4)),117.1875,1572.31706,93.73422866,3373.819814,166.4555925,0,,5
242,(t>>1)*(t>>4),187.5,1298.926528,136.3845857,2500.864362,73.71288517,0,,15
243,(t*14)>>((t*10)&9),104.1666667,1443.182847,111.4314638,3086.120346,77.02031705,0,,20
244,t&((t|(t&9))>>8),234.375,715.9804309,194.272327,1805.402261,358.2649307,0,,25
245,(t*4)|(t>>4),117.1875,633.8490573,78.78217461,1638.28125,207.6202543,0,,25
246,(t>>(t&((t&(t&8))^(t&8))))>>(t&((t>>5)>>7)),117.1875,1181.115931,218.7357018,2730.701463,549.6775387,0,,45
247,(t*9)&((t>>7)^(t&6)),234.375,1256.865138,161.0769059,2909.142287,239.121807,0,,45
248,(t^9)&((t*11)-(((t*7)*6)*(t>>8))),58.59375,1676.185859,119.597593,3256.266622,148.8285276,0,,35
249,(t>>((t&7)&(t*11)))|(t*((t>>(t|(t|5)))*8)),117.1875,1450.952839,93.63382666,3037.982048,25.28847506,0,,10
250,(t/4)-(((t+2)>>4)|5),117.1875,500.9488085,101.8713468,1273.736702,382.7530129,0,,10
251,(t*(t>>(t&(t>>8))))&((t|(t*9))>>(t>>(t*12))),29.296875,1593.22836,96.06550816,3198.121676,120.9248521,0,,15
252,(((t>>12)&11)-7)*((t>>(t*10))^(t*(t&12))),62.5,1313.599502,219.501362,2896.625665,245.4104203,1,,30
253,t>>((((((t%4)&(((t*5)*4)%4))>>5)^6)&7)*(t&5)),29.296875,1709.74793,109.831953,3552.077793,178.7941975,0,,10
254,(t>>(((t+7)>>10)&8))^(((t^8)&(t&12))*9),133.9285714,542.2619973,188.9674131,1261.619016,591.7393302,1,,50
255,t^((t>>(t&5))|(((t^5)&5)+(t&(t>>4)))),58.59375,1687.524123,161.1144153,3429.587766,218.9967985,0,,15
256,(((t&12)&(t%13))>>(t>>12))|(((t&10)^12)-(((t&10)^9)*(t>>12))),117.1875,621.9521849,253.2669672,1537.234043,715.8695802,0,,25
257,t>>((t&((t&9)*9))*7),133.9285714,1716.70118,98.68794361,3757.563165,53.68817824,0,,15
258,(t>>5)&(((t&5)*6)|(t>>3)),58.59375,613.2674925,133.6547505,1520.462101,415.295786,0,,5
259,t&(t&((t>>7)|(((t&3)*4)%5))),312.5,729.9914303,169.5164263,1876.146941,374.541284,0,,25
260,t*(t>>6),58.59375,1763.342151,329.2018703,3188.979388,377.123663,0,,25
261,(t>>(t&4))|(t*(t&5)),117.1875,1256.27625,111.7852193,3090.541888,82.32892009,0,,15
262,((t^(t*((t*(t^3))&1)))>>6)-((t&(t&6))*(t>>5)),104.1666667,1088.680493,117.1815285,2125.398936,95.99604372,1,,40
263,t&(((t>>8)*6)-((t*(t&5))>>3)),93.75,1665.628819,131.9414995,3547.024601,192.7563206,0,,0
264,(t&(t+9))*((t&8)*(t>>(t&9))),117.1875,1699.301196,143.3327344,3350.083112,138.1306028,0,,15
265,t>>(t&((t&(t&3))>>(((t>>0)>>0)*((t>>(t^0))&1)))),117.1875,1322.215271,98.40719959,2729.105718,253.4568429,0,,0
266,t&(t>>5),58.59375,690.3252612,86.8207206,1758.111702,192.6299526,0,,10
267,t&(t>>5),58.59375,690.3252612,86.8207206,1758.111702,192.6299526,0,,10
268,((t>>7)+(t%7))^(t>>4),117.1875,627.9394936,229.616707,1660.704787,591.9993595,1,,35
269,(t-(t%8))&(((t&14)*(t>>9))*11),78.125,1221.43905,118.3131704,2468.982713,65.49662812,0,,20
270,((t&(t>>10))-(t&11))|((t>>11)|(t^10)),58.59375,1090.142795,186.176102,2753.424202,539.6051884,1,*,40
271,(((t*4)*2)*5)&((((t+6)>>4)|3)|6),117.1875,1555.165687,165.3793104,3011.103723,27.87545179,1,*,20
272,(((t|4)*3)-2)|((t*3)>>5),85.22727273,742.282578,75.96165379,1973.404255,107.5268868,1,,15
273,t&((t>>6)&((t^5)>>4)),93.75,744.5840948,117.3884568,1888.297872,253.1965834,0,,0
274,t|(t|(t>>5)),58.59375,462.087986,88.21923053,1095.777926,307.6040452,0,,15
275,(t>>8)*((t&10)*9),133.9285714,1197.458736,106.5083381,2321.559176,93.11867152,0,,0
276,(t>>5)&(t>>6),117.1875,390.8911975,166.2241551,858.4607713,538.457621,0,,0
277,((t>>5)>>8)^(((t&11)*(t&7))&9),58.59375,1318.698957,198.256837,2972.689495,244.133608,0,,0
278,t&(t^(t>>(t&(t%4)))),117.1875,1711.14331,98.69096815,3721.409574,119.3459965,0,,10
279,((t>>4)&(((t^7)*8)>>5))|(t>>((t%5)|3)),117.1875,849.6996725,126.9869425,2568.932846,538.2403732,0,,5
280,((t>>8)*8)-((t^((t^6)|((((t*8)-10)&(t*(t&6)))|(t^8))))^8),58.59375,1113.849777,126.9362038,2369.597739,128.9325741,1,,20
281,((t&(t&6))*8)&((t*7)>>9),104.1666667,1172.345575,138.1680217,2315.093085,366.8760034,1,,20
282,(t*((t>>5)*6))>>((((t*4)*(t*4))^5)&(t*8)),117.1875,1960.290305,68.68587189,3415.425532,64.30619598,0,,0
283,(t*7)>>((t*(t&8))+7),104.1666667,846.9744929,78.20400812,2020.511968,438.7690403,0,,10
284,(t*4)|(t>>5),58.59375,599.0030844,112.0997207,1541.838431,310.5317758,1,,35
285,t>>(((t^7)%9)>>(((t^9)>>6)%9)),66.96428571,1114.01457,58.63608023,2646.642287,154.539416,0,,15
286,(t&(t>>8))&((t+3)*5),117.1875,1080.064058,287.7312793,2478.241356,341.8928761,1,,35
287,t*(t>>6),58.59375,1763.342151,329.2018703,3188.979388,377.123663,0,,15
288,((t^7)>>8)^((t%(t|9))&(t%8)),117.1875,375.8302862,308.796554,662.9321809,981.8508514,0,,10
289,(t/4)-(((t>>6)^8)>>6),117.1875,462.6988814,50.08997562,1102.892287,161.0573553,0,,0
290,(t*(t*4))|((t>>3)+(t&5)),117.1875,1385.257364,128.2301339,3319.647606,165.7871436,0,,10
291,t>>((((t>>9)&(t*9))+8)^((t&9)>>6)),117.1875,1854.033308,150.077446,3361.053856,164.9410509,1,,65
292,(t*3)^((t>>(t&(t&4)))&(((t^5)^1)-(t&3))),117.1875,1049.364518,69.55350092,2560.422207,161.4462816,0,,25
293,(((t>>7)-8)-8)*((t&11)%11),133.9285714,1577.960756,216.762058,3384.175532,378.6117648,0,,25
294,(t|5)*((t>>6)>>(t&8)),58.59375,1168.47886,93.59631653,2302.360372,28.10675077,1,*,40
295,((t|14)^(t*13))*(t>>9),117.1875,1774.645698,152.5199938,3311.552527,194.6886937,1,*,30
296,(t>>((t|12)&11))^((((t&10)^12)>>10)+9),117.1875,1198.884058,306.562558,3091.705452,945.7128838,0,,10
297,(t>>3)>>(t&(t&4)),117.1875,746.7286859,210.4425215,1985.821144,747.2252038,0,,30
298,(((t|1)>>3)/4)-(t&(t-(t*6))),58.59375,1189.894448,144.311353,2829.537899,185.6318054,0,,40
299,(t>>10)^((t*(t|10))*(t>>11)),29.296875,1558.234484,201.6673326,3165.84109,317.1727484,1,**,80
300,((t&(t>>9))&7)*(t^8),117.1875,1737.823973,100.9229599,3487.167553,275.3195462,1,,49
301,(t>>5)&(t*8),58.59375,1064.402015,186.5386454,2448.188165,275.2836663,0,,35
302,(t*0)^(t&(t>>5)),58.59375,690.3252612,86.8207206,1758.111702,192.6299526,0,,15
303,(t&(t>>7))*(((t|10)&(t>>7))&9),117.1875,1565.639798,246.9235398,3607.180851,372.4789425,1,,45
304,t&(t>>((t&(t*-1))&2)),117.1875,1228.84758,25.08925169,2957.130984,80.03558354,0,,5
305,t|(t>>(((t&5)*1)*5)),187.5,1080.001957,199.4629538,2965.292553,383.7601487,0,,20
306,t^(((t|10)>>(t%7))^(((t^8)*7)>>8)),85.22727273,1724.673329,149.7793723,3387.450133,52.92304686,0,,0
307,(t>>6)>>((((t&(t^9))&5)&((t+(t%5))*3))*((((t%6)^2)|4)^6)),133.9285714,1324.903234,107.9204758,3043.583777,79.75004328,0,,20
308,(t&(t>>11))-((t/7)+(t&7)),133.9285714,788.5118822,198.496394,2068.583777,537.9667193,1,,35
309,(t-12)*(((t-(t&11))^(t>>8))&11),117.1875,950.2679663,166.6269098,2260.388963,272.2770262,0,,10
310,t>>((t^(t*5))&5),117.1875,1541.023166,133.9130533,3932.995346,31.07757149,0,,0
311,(t/8)*(((t-9)>>10)&(((t%6)^8)>>(t%6))),234.375,1789.153017,213.7562694,3258.144947,463.9981258,1,,35
312,(t*8)&(((t>>(t&12))&9)*11),117.1875,1230.132279,100.4456792,2850.864362,201.1982985,1,*,45
313,t>>((t>>(((t>>10)|9)&9))&((t&(t*6))&(t-10))),117.1875,1177.456195,157.9962697,2789.162234,292.2303246,1,*,60
314,((t>>3)^(t|7))^(((t*4)>>(t&4))>>7),58.59375,939.3603914,162.6661936,2461.003989,473.9588919,0,,35
315,t>>(((t-(t^3))-((t-(t^(t>>3)))*2))&5),58.59375,1075.314854,84.13521389,2237.649601,8.737819067,0,,15
316,((t^6)&((t-9)>>9))*(t>>7),234.375,1516.989448,232.8712004,3253.607048,423.6287534,1,,70
317,(t>>5)&(((t*4)*7)^(((t*(t*9))>>6)>>8)),58.59375,1783.078989,137.4844634,3317.303856,153.9089904,1,**,70
318,t&(((t>>12)*(t|12))|(t&9)),104.1666667,1067.663328,238.5914776,2383.843085,394.6841659,1,,50
319,(t>>9)&(t&(t*((t>>10)&9))),117.1875,955.5784833,322.2599438,2211.968085,538.1021044,1,**,80
320,((t>>10)*11)*(t&10),156.25,1125.551474,179.4844808,2222.523271,239.6350851,1,**,65
321,((t^(t&12))*10)&((t>>9)+11),117.1875,862.8625969,233.8711362,2159.94016,484.6344723,1,*,60
322,(((t&12)*(t>>9))+13)>>(t&(t>>(t>>10))),93.75,884.3265239,203.6067633,2072.174202,562.3158902,0,,50
323,(t&(t>>7))&((t*4)*(t&7)),234.375,1747.350217,141.6187932,3411.968085,197.5293806,0,,45
324,t*(t>>6),58.59375,1763.342151,329.2018703,3188.979388,377.123663,0,,35
325,((t^8)|(t&8))&(t*(t>>6)),58.59375,1668.319108,310.2017723,3132.563165,393.8981915,0,,35
326,(t|(t-10))+((t|6)>>(t&(t&(t&8)))),187.5,1012.524093,111.1230412,2435.172872,202.8816879,0,,20
327,t&(((t*9)*10)&((t>>8)-9)),234.375,1595.379384,81.92483378,3007.330452,209.0164787,1,*,40
328,((t&7)|(t|8))>>((t*6)&(t>>7)),117.1875,1627.357067,138.8471358,3121.609043,157.0944003,1,,70
329,t^((t>>5)>>(t&4)),58.59375,919.0028029,135.9578242,2428.540559,429.5187305,1,,35
330,((t*5)*9)&(t>>8),117.1875,1542.156731,121.4317416,3083.59375,161.7122856,1,,45
331,(((t^11)-(t&9))-10)|(t^((t|8)>>4)),117.1875,810.6192485,96.52633575,2016.007314,247.6436845,0,,10
332,(t/8)+(((t&11)*((t>>7)^6))*11),133.9285714,1721.258661,123.6244424,3479.105718,139.1245368,0,,10
333,(t/6)-(t&(((t*(t>>5))>>(t>>7))|8)),104.1666667,645.3481464,83.49039207,1576.479388,124.7814573,0,,10
334,(t>>4)|((t^4)&(t>>3)),117.1875,471.6287934,78.57600615,1120.977394,267.8216518,0,,15
335,((t^3)&(t>>2))>>((t>>0)&5),156.25,1408.577921,96.84510966,3118.085106,98.84469388,0,,10
336,(t>>12)+(t^10),187.5,871.7125345,113.1266434,2294.082447,348.4812425,0,,5
337,(t>>8)&(t|((t%7)|9)),117.1875,679.1639114,151.3377783,1769.714096,326.5295803,1,,40
338,(t>>9)*(((t*8)%10)&10),29.296875,1519.421192,105.0851145,3200.21609,2.17238155,0,,5
339,((t-9)&(t&9))-((t|5)^(t%11)),0,1023.136454,71.10140527,2891.306516,242.9578526,0,,0
340,t&((t%5)*((t|4)>>4)),117.1875,1632.476844,145.7010241,3207.513298,13.41942863,0,,10
341,(((t>>10)*11)>>(t>>15))-((t+12)*((t>>11)|12)),29.296875,1501.454749,142.8099573,3094.265293,177.914054,1,*,45
342,((((t&6)*6)*((t%7)|5))^(t|5))&((t>>7)*8),117.1875,1566.089413,79.73639737,3207.579787,88.89245661,0,,15
343,((t|(t>>6))%6)|((t+(t^(t>>3)))&(t-4)),117.1875,1085.88567,133.1755054,2595.52859,217.5132271,0,,10
344,t>>((t&((t>>8)*(t&10)))>>10),117.1875,751.588586,133.5478195,1826.097074,232.9813206,0,,55
345,t>>(t&((t&(t>>4))>>2)),58.59375,1172.338261,53.17341707,2740.807846,104.9066127,0,,20
346,((t^5)|(t>>(t>>7)))|((t>>5)|7),58.59375,447.0657534,91.52787361,1030.96742,330.1317272,0,,10
347,(t*11)>>((((t>>8)*10)^(t*7))&8),78.125,1896.220604,104.7965803,3513.996011,11.09877043,0,,5
348,((t>>(t^9))^(t>>9))+(t*8),117.1875,894.6870334,154.4885078,2267.553191,348.6061369,0,,0
349,((t>>8)*(t&9))^((t-10)^((t&10)&10)),66.96428571,1624.603505,282.1072444,3512.034574,378.670762,0,,25
350,((t^(t*4))>>6)|(t^6),78.125,471.9123076,74.5229766,1127.676197,251.5956777,0,,20
351,t&(t-(t&(t>>5))),58.59375,681.3610599,78.14062588,1740.741356,182.2038464,0,,10
352,(t^8)&((t^(t>>5))>>((t+7)&9)),58.59375,1573.490334,160.2212767,3585.521941,108.0190997,0,,15
353,t&(t>>8),234.375,715.9804309,194.272327,1805.402261,358.2649307,0,,30
354,t&((((t*10)&7)%8)|(t>>7)),312.5,732.6958363,168.290654,1864.993351,304.561086,0,,30
355,((t-6)>>7)&(t+((t^3)>>6)),187.5,766.2601542,187.2473673,1958.244681,355.6642666,0,,30
356,((t*7)>>11)-((((t&4)/9)*8)*(t>>13)),44.64285714,299.7400942,258.5688053,534.0591755,797.0323045,0,,10
357,(t>>6)&(t>>5),117.1875,390.8911975,166.2241551,858.4607713,538.457621,0,,15
358,t>>(t>>((t>>(t&10))&(t>>(t&((t>>7)^8))))),117.1875,1273.938142,287.9135688,2778.307846,520.1986323,0,,40
359,(t*9)>>(((t>>8)&(t&11))+7),117.1875,1282.200364,225.2713615,3003.90625,592.2021047,0,,20
360,(t>>5)>>((t>>6)>>((t&(t*((t>>10)%7)))*(t&8))),117.1875,899.136735,128.9695406,2134.990027,461.3862238,0,,15
361,((t-(t&4))>>2)|((t>>6)*(t&(t&2))),117.1875,722.733622,130.1078909,1941.323138,146.3983887,0,,10
362,((t&5)>>((t>>((t>>0)*5))*4))+(((t&(t*6))^(t^2))-(t/6)),104.1666667,1150.740058,64.19654359,2714.893617,142.3927022,0,,5
363,(t*(t*8))%((t*(t&(t*9)))^11),133.9285714,1714.743977,129.4707632,3322.107713,58.23770702,0,,5
364,(t&(t&7))^((t>>5)*5),156.25,427.0450891,84.30995509,975.6981383,302.9496107,0,,5
365,((t&13)*(t>>10))*((t&(t>>((t*8)|10)))|9),156.25,1577.403292,322.6012384,3411.486037,420.5294278,1,*,50
366,(((t&7)^(t>>13))^13)-(((t>>12)/(t|12))*(t>>8)),58.59375,1210.910035,726.0572449,2451.379654,1403.230961,0,,0
367,(t*10)*(t^(t>>13)),30.24193548,1469.544482,161.054923,3068.650266,267.955283,1,,25
368,(t*3)-(((t>>8)-4)^(t^4)),117.1875,978.2103188,254.9237145,2362.400266,474.3246095,1,,35
369,(t|11)-((t*10)>>11),21.30681818,676.7722369,97.31336995,1684.757314,239.9039171,0,,0
370,(t&(t*11))&((t>>4)*(t&7)),187.5,1740.014833,172.8337486,3265.608378,205.7681757,0,,0
371,(((t%6)>>9)-8)-(t+((t%11)%9)),187.5,956.6774012,48.99457051,2506.46609,149.3843769,0,,0
372,(t>>5)|((((t-6)|(t*3))>>4)^(t*3)),58.59375,693.3420737,95.98788704,1836.901596,254.6236649,1,,30
373,t|(((t&(t&(t>>6)))*((t|9)&(t>>5)))|((t|(t^8))%5)),58.59375,1138.078604,132.0656571,2660.206117,287.3643877,0,,15
374,(t*5)&(t>>((t^3)%6)),19.53125,1656.426685,109.6125711,3392.96875,72.64543574,0,,5
375,((t^(t-3))-3)&(t*(t>>5)),117.1875,1722.865117,106.1828435,3088.264628,176.6338652,0,,10
376,t&((((t>>3)+2)&3)^((t>>5)^3)),58.59375,688.9981029,86.55164392,1753.34109,196.9299847,0,,20
377,(t^3)>>(t&3),117.1875,1320.315318,98.66012148,2726.263298,257.9795031,0,,0
378,(t|13)*(t&(t>>10)),117.1875,1575.897305,177.4100973,3226.412899,376.5763852,1,,35
379,t^((t>>(t&5))>>(t&(t*(t*3)))),66.96428571,983.7001412,129.2542766,2610.37234,262.8354828,0,,5
380,t&((t>>3)>>4),312.5,717.2430696,160.7592542,1812.267287,308.2278591,0,,5
381,t&(((t*9)&(t&((t*(t|9))&(t*10))))>>7),133.9285714,1614.847519,241.1013802,3132.746011,386.8512805,0,,5
382,(t%7)*((t>>4)>>(((t&6)&4)&(t>>6))),156.25,1695.080541,148.5420912,3369.797207,92.5637321,0,,5
383,t>>((t&9)%6),187.5,1347.63019,116.0714843,3510.272606,17.71434638,0,,5
384,((t^11)>>10)>>((t^((t>>10)&(t|8)))&(((t&(t-8))>>9)+9)),117.1875,1265.702687,211.2969313,2902.277261,510.6508197,1,,30
385,(t-5)/(((t>>0)&0)|5),93.75,455.7493991,59.8390555,1071.808511,203.6625221,0,,0
386,t|((t>>7)+(t&7)),117.1875,531.530666,165.9010315,1325.315824,538.3178025,1,,45
387,(t*11)&((t>>8)&7),117.1875,1661.078259,172.1689983,3037.666223,69.18701322,0,,10
388,((t&9)|(t>>(t*9)))&(t>>(t&(t>>8))),234.375,1414.786594,205.2459185,2929.571144,391.2404387,0,,25
389,t&((t|((t>>6)|0))&(t>>5)),58.59375,690.3252612,86.8207206,1758.111702,192.6299526,0,,10
390,(t&7)*(((t-9)*8)>>10),93.75,1448.914705,247.8768225,3134.607713,300.2321431,0,,5
391,(((t+5)|5)*7)%((t^((t+((t|4)&(t>>8)))&(t>>5)))|7),117.1875,1395.725287,89.85741072,2928.257979,112.1636242,0,,10
392,t|((t+10)>>(t*(t&(t>>6)))),58.59375,670.0152499,89.01974056,1797.406915,309.9398164,0,,15
393,(t&(t&4))*(t>>6),117.1875,949.2315847,76.08316658,2979.172207,24.74220715,0,,10
394,t^((t&2)*(t>>5)),187.5,1075.993212,151.0579164,2085.355718,32.84630829,0,,5
395,t&((t*((t>>(t&5))>>8))>>11),133.9285714,1618.337038,222.0556415,3457.613032,356.7142288,0,,10
396,(t*(t+5))&((t^4)>>8),117.1875,1710.833168,96.13538252,3308.80984,168.4384053,0,,25
397,t>>(((t>>5)>>(t%2))&5),58.59375,1453.328065,160.3899684,3852.177527,70.6520569,0,,15
398,(t>>5)&(t^7),58.59375,690.13568,86.45908588,1757.446809,191.8309952,0,,10
399,((t*((t*11)>>6))&((t^9)>>10))%((t>>7)+9),156.25,1844.603001,125.227765,3336.685505,225.2213467,0,,15
400,t*(t>>6),58.59375,1763.342151,329.2018703,3188.979388,377.123663,0,,5
401,(t*7)&((t>>5)&(t*(t&11))),58.59375,1775.046088,95.98432826,3412.616356,55.71950334,0,,20
402,(((t|((t^7)>>11))*(t&12))&12)&(t>>((t%10)*11)),58.59375,1889.83577,142.6128039,3299.301862,160.5988253,1,,45
403,t>>(t&((t>>7)%7)),66.96428571,1246.824393,77.91208789,2937.300532,134.211525,0,,5
404,(t>>8)>>(t&(t>>7)),58.59375,1199.963766,254.9587478,2755.385638,463.4857391,0,,25
405,((t+1)>>5)&(t*7),58.59375,1214.710827,155.3833349,2793.700133,159.0996301,1,,15
406,t>>((t*4)&(t&((t|4)>>4))),58.59375,1212.255125,123.5603681,2880.069814,163.922169,0,,10
407,((t&(t^10))%10)*(((t>>8)|10)+11),104.1666667,1645.081406,249.4532403,3574.235372,304.6639503,1,*,55
408,(t>>7)&((((t%8)*(t>>8))|((t*6)*(t&9)))>>7),52.08333333,1808.519711,121.3528098,3713.879654,132.1365202,0,,25
409,(t%9)-((t*8)&(t|(((t+11)^(t^9))*(t>>12)))),29.296875,1545.794302,89.55178524,3194.797207,154.9394236,0,,10
410,((t>>6)>>(((t^6)>>10)%4))>>((t>>7)*(t&2)),117.1875,1123.659753,58.36973047,2008.361037,11.9854567,1,,25
411,t>>(((t>>((t^(t*3))&2))^(t>>(t^2)))&5),58.59375,1449.347438,81.55050409,3266.572473,64.11699327,0,,20
412,(t/13)-(t&(t^12)),0,959.8954094,25.05645748,2242.287234,38.2205191,0,,0
413,t>>(t^(t+((t>>10)&8))),29.296875,687.6371065,100.7537966,1568.766622,192.2874438,0,,15
414,(t>>5)&((t-(t%5))+((t*(t>>6))>>6)),58.59375,1461.612314,274.1417525,2964.245346,295.7109568,1,,70
415,(t*14)&(((((t*13)>>13)*19)|14)>>(t&14)),156.25,1475.135113,102.407238,2881.316489,147.1444088,1,,35
416,((t&4)+(t>>5))|(t>>((t>>5)%8)),58.59375,553.1109058,117.4347723,1340.176197,327.7785478,1,,40
417,(t*7)|((t^9)>>(((t&8)+8)&(t>>8))),58.59375,902.6380438,89.25598949,2290.791223,177.0790915,0,,35
418,t*(t>>6),58.59375,1763.342151,329.2018703,3188.979388,377.123663,0,,25
419,t^((t&((t*13)*10))*(((t^11)&10)&(t>>12))),29.296875,796.705594,167.4252957,1879.886968,244.9893409,0,,20
420,(t|(t>>7))+((t*8)>>7),117.1875,733.1609749,225.2848317,1805.219415,597.8290019,1,,45
421,((t>>8)^((t&((t&12)^10))%8))>>((t*9)&10),117.1875,1745.786464,76.70521905,3500.033245,1.651059514,0,,0
422,(t&(t*9))>>((((t|10)%(t|7))&8)^(t&4)),117.1875,1466.579646,86.23594302,3312.915559,187.1194367,0,,10
423,((((t^10)*11)^7)|11)&((t|11)^(t&((t|(t&(t-(t>>10))))>>4))),117.1875,1361.921865,69.76823975,2954.155585,74.58034229,0,,20
424,(t>>5)&(t>>4),117.1875,443.2416681,131.1297587,1015.974069,454.3180257,0,,0
425,t^((t*3)&((t>>1)&(t>>(t&((t^(t*5))-(t>>3)))))),78.125,655.7540433,96.16103167,1724.734043,294.796549,0,,0
426,(t^(t&2))>>(t&3),117.1875,1322.215271,98.40719959,2729.105718,253.4568429,0,,0
427,t&(t>>8),234.375,715.9804309,194.272327,1805.402261,358.2649307,0,,15
428,t*(42&(t>>10)),117.1875,1093.074204,402.0137588,2462.034574,740.0352623,1,**,60
429,(t|(t%255))|(t%257),234.375,473.827922,142.7800427,1194.381649,542.9067807,0,,20
430,(t*((t>>9)|(t>>13)))&16,117.1875,1679.333536,534.6129998,2940.874335,585.3696075,1,,80
431,(t&(t>>12))*((t>>4)|(t>>8)),117.1875,1264.527476,381.9761987,2873.603723,773.0676054,1,,70
432,((t>>13)|(t%24))&((t>>7)|(t%19)),117.1875,1173.241655,128.5342793,2685.056516,188.1704559,1,**,75
433,(t*(((t>>9)|(t>>13))&15))&129,133.9285714,1152.535953,156.1814611,2684.557846,263.2374814,1,**,100
434,t*((((t>>9)^((t>>9)-1))^1)%13),58.59375,758.7427218,113.4577736,1947.024601,279.0171897,1,**,65
435,t*(((t>>9)|(t>>13))&(25&(t>>6))),187.5,975.4349009,167.6228523,2321.010638,279.9924899,0,,50
436,(t*((3+(1^((t>>10)&5)))*(5+(3&(t>>14)))))>>((t>>8)&3),0,1179.23493,113.3664998,2697.406915,157.3404524,1,*,60
437,((t>>4)|(t%10))|(((t%101)|(t>>14))&((t>>7)|((t*t)%17))),117.1875,538.6449674,138.3665174,1405.302527,481.3242534,1,**,100
438,t*(((t>>12)|(t>>8))&(63&(t>>4))),234.375,1264.859928,182.616766,2732.795878,242.9983044,0,,45
439,(t*((t>>5)|(t>>8)))>>(t>>16),55.14705882,1537.34287,404.6074518,3002.12766,424.2966261,1,*,80
440,t*(((t>>9)|(t>>13))&(25&(t>>6))),187.5,975.4349009,167.6228523,2321.010638,279.9924899,0,,65
441,t*(((t>>11)&(t>>8))&(123&(t>>3))),58.59375,983.3342789,288.2229218,2357.396941,637.6601095,1,,45
442,t*(((t>>8)*((t>>15)|(t>>8)))&(20|((((t>>19)*5)>>t)|(t>>3)))),58.59375,1611.156899,249.672648,3210.521941,315.6934919,0,,50
443,t*((8*((t>>15)|(t>>8)))&(20|((((t>>19)*5)>>t)|(t>>3)))),58.59375,1549.397367,248.3463675,3082.496676,311.6292998,0,,70
444,(((t>>6)|t)|(t>>(t>>16)))*(10+((t>>11)&7)),58.59375,1029.486826,171.9735651,2466.323138,313.0224702,0,,70
445,((t|((t>>9)|(t>>7)))*t)&((t>>11)|(t>>9)),117.1875,1506.368219,156.1303957,3190.508644,188.2236823,0,,45
446,((t*5)&(t>>7))|(t*3)&((t*4)>>10),234.375,978.6733075,197.8069445,2447.839096,260.4736635,1,,65
447,((((t>>7)|t)|(t>>6))*10)+(4*((t&(t>>13))|(t>>6))),117.1875,1088.361872,222.6035815,2570.844415,371.0406109,1,,65
448,(t*((((t>>8)|(t>>9))&46)&(t>>8)))^((t&(t>>13))|(t>>6)),117.1875,1318.390352,339.3024889,2760.106383,421.5104563,1,*,70
449,(((t*((t>>8)|(t>>9)))&46)&(t>>8))^((t&(t>>13))|(t>>6)),58.59375,550.5458262,164.8396897,1416.722074,515.9313559,1,*,85
450,((t*5)&(t>>7))|((t*3)&(t>>10)),133.9285714,1035.743737,163.7566062,2562.317154,182.6899375,0,,65
451,(t&(t%255))-(((t*3)&(t>>13))&(t>>6)),58.59375,1479.686274,234.9429715,3052.55984,312.0921001,0,,40
452,t*((t^(t+((t>>15)|1)))^(((t-1280)^t)>>10)),187.5,1770.771203,74.81931517,3513.613697,201.2715759,1,*,50
453,t*(((t>>9)&10)|(((t>>11)&24)^(((t>>10)&15)&(t>>15)))),58.59375,1176.612476,269.8894733,2646.09375,433.0829036,1,**,75
454,((t>>4)|(t%11))|(((t%102)|(t>>9))&((t>>9)|((t*t)%16))),117.1875,293.2717044,120.2841879,442.1875,442.2568914,1,**,100
455,t*(((t>>6)&12)|(((t>>12)&25)^(((t>>10)&12)&(t>>17)))),15.12096774,1232.248899,227.3929316,2698.72008,282.6626032,1,**,90
456,t*(((t>>7)&10)|(((t>>13)&23)^(((t>>15)&10)&(t>>18)))),234.375,1015.522893,124.4065827,2447.988697,220.1410667,1,*,90
457,t*(((t>>10)&(t>>9))&(122&(t>>2))),117.1875,933.0535444,470.7260289,2168.234707,1030.399105,1,**,80
458,(t*((3+(2^((t>>12)&-1)))*(3+(1&(t>>12)))))>>((t>>10)&3),234.375,1280.109122,222.3681985,2850.531915,308.7717726,1,**,50
459,(t*((4+(2^((t>>12)&2)))*(3+(2&(t>>14)))))>>((t>>11)&2),29.296875,1097.19914,132.8291039,2666.422872,178.3014513,1,*,50
460,(t*(((t>>19)|(t>>10))&10))&135,117.1875,768.8755585,278.2228734,1947.905585,682.4890125,1,,50
461,(t*(((t>>24)|(t>>10))&5))&132,58.59375,768.1555638,152.7996515,1962.549867,384.8464679,1,,50
462,(t*(((t>>11)|(t>>11))&5))&250,117.1875,686.9662536,247.4841813,1754.504654,632.3188951,1,,50
463,(t*(((t>>10)|(t>>35))&42))&191,117.1875,1097.019473,397.948626,2520.927527,769.8685579,1,,70
464,(t*(((t>>11)|(t>>23))&115))&104,58.59375,1336.595938,452.0712431,2810.123005,768.4858208,1,*,70
465,(t*(((t>>15)|(t>>8))&85))&111,156.25,1548.286303,422.3628979,3023.038564,562.7610227,1,,60
466,(t*(((t>>5)|(t>>24))&62))&129,187.5,1435.268947,170.0847574,2826.196809,243.1989139,0,,5
467,(t*((t>>16)|(t>>10)))&17,117.1875,1629.79993,461.4686702,2918.949468,551.8710681,0,,40
468,(t*((t>>10)|(t>>50)))&50,117.1875,1678.43624,343.0326035,3139.960106,492.7600567,1,,80
469,(t*((t>>19)|(t>>10)))&22,58.59375,1653.580454,408.0758011,2968.733378,516.9653228,1,,80
470,(t*((t>>16)|(t>>9)))&13,58.59375,1641.559815,369.762502,3078.823138,394.8283237,1,,90
471,t*(((t>>4)&12)|(((t>>11)&27)^(((t>>9)&14)&(t>>15)))),187.5,1248.451519,211.569074,2692.503324,249.7413711,1,**,100
472,((t>>3)|(t%14))|(((t%104)|(t>>10))&((t>>6)|((t*t)%12))),117.1875,443.2836518,71.04947562,1032.662899,264.2066343,1,,70
473,((t>>11)|(t%22))&((t>>6)|(t%18)),117.1875,924.6205366,180.6973115,2190.591755,253.970402,1,*,90
474,((t>>11)|(t%26))&((t>>8)|(t%22)),58.59375,908.3789682,207.5881888,2156.216755,323.7839728,1,*,85
475,((((t>>7)|t)|(t>>6))*10)+(4*((t&(t>>13))*(t>>6))),117.1875,1349.400098,352.6096635,2873.587101,563.9307178,1,*,80
476,((((t>>7)|t)|(t>>6))*10)+(4*((t&(t>>13))|(t*6))),58.59375,1536.514675,37.89212574,3094.215426,59.89992701,1,*,75
477,((t|((t>>7)|(t>>6)))*t)&((t>>11)|(t>>9)),117.1875,1530.358031,224.9194464,3151.412899,348.6782037,0,,75
478,t*(42*(t>>10)),58.59375,1625.095516,250.7478152,3191.489362,355.5781386,1,,70
479,t*(((t>>8)&(t>>5))&((t&33)&(t>>3))),117.1875,1847.731998,197.2985055,3664.228723,222.5361539,0,,20
480,(((t|5)*7)>>8)^((t*6)*11),17.04545455,1587.295797,139.309784,3347.057846,212.8838746,0,,5
481,(t|(t%7))|(t*(t>>8)),44.64285714,1421.141921,213.6098593,3074.185505,404.8113771,0,,40
482,(t>>(t*9))|(((t>>7)^7)&10),117.1875,437.4565543,82.22946345,998.2380319,298.843708,0,,10
483,(t^(t|11))^((t*12)&11),0,1423.748379,28.97558012,2505.219415,10.47054405,0,,0
484,t|(((((t^4)>>5)^6)|5)|7),58.59375,447.6752779,92.13389375,1032.845745,331.9426297,0,,30
485,(t*((t>>10)|(t>>50)))&50,117.1875,1678.43624,343.0326035,3139.960106,492.7600567,1,,50
486,(t*((t>>19)|(t>>10)))&22,58.59375,1653.580454,408.0758011,2968.733378,516.9653228,1,,50
487,(t*((t>>16)|(t>>9)))&13,58.59375,1641.559815,369.762502,3078.823138,394.8283237,1,,50
488,t*(((t>>4)&12)|(((t>>11)&27)^(((t>>9)&14)&(t>>15)))),187.5,1248.451519,211.569074,2692.503324,249.7413711,1,*,100
489,((t>>3)|(t%14))|(((t%104)|(t>>10))&((t>>6)|((t*t)%12))),117.1875,443.2836518,71.04947562,1032.662899,264.2066343,1,*,80
490,((t>>11)|(t%22))&((t>>6)|(t%18)),117.1875,924.6205366,180.6973115,2190.591755,253.970402,1,*,60
491,((t>>11)|(t%26))&((t>>8)|(t%22)),58.59375,908.3789682,207.5881888,2156.216755,323.7839728,1,,60
492,((((t>>7)|t)|(t>>6))*10)+(4*((t&(t>>13))*(t>>6))),117.1875,1349.400098,352.6096635,2873.587101,563.9307178,1,*,85
493,((((t>>7)|t)|(t>>6))*10)+(4*((t&(t>>13))|(t*6))),58.59375,1536.514675,37.89212574,3094.215426,59.89992701,1,*,60
494,((t|((t>>7)|(t>>6)))*t)&((t>>11)|(t>>9)),117.1875,1530.358031,224.9194464,3151.412899,348.6782037,1,,90
495,t*(42*(t>>10)),58.59375,1625.095516,250.7478152,3191.489362,355.5781386,1,*,70
496,t*(((t>>8)&(t>>5))&((t&33)&(t>>3))),117.1875,1847.731998,197.2985055,3664.228723,222.5361539,0,,15
497,(t|(t%7))|(t*(t>>8)),44.64285714,1421.141921,213.6098593,3074.185505,404.8113771,0,,45
498,t*((t>>(t|(t^7)))+(t>>6)),58.59375,1763.342151,329.2018703,3188.979388,377.123663,0,,40
499,(t>>(t>>9))|((t&6)*(t>>7)),85.22727273,975.2426166,137.5660602,2058.02859,139.0997274,0,,25