,expression,std_cent,std_rolloff,std_zcross,std_flt,avg_bw,avg_ctr,std_ctr,cont_rating
0,(t>>8)&(((t>>11)&(t+(t*10)))|(((t|11)&9)^((t*(t^4))^6))),19.04901512281648,6.771270778380637,0.018510012202393344,6.766318256268278e-05,1346.5827509259,89.02342985389042,29.524912104126624,0
1,(t>>8)&(((t>>11)&(t+(t*10)))|(((t|11)&9)^((t*(t^4))^6))),123.76295869281077,110.29663111964291,0.056105090504991094,0.012509307824075222,1247.9293947092008,19.27722754237101,6.0447836391298955,5
2,(t>>8)&(((t>>11)&(t+(t*10)))|(((t|11)&9)^((t*(t^4))^6))),109.70664800003499,101.7360153763587,0.015501033796809649,0.0013806852512061596,1256.2966366324326,25.69595300388784,9.577911340458542,5
3,(t>>8)&(((t>>11)&(t+(t*10)))|(((t|11)&9)^((t*(t^4))^6))),73.80200126806228,205.10398289008245,0.003914257407220967,0.002382221631705761,1098.5408399546554,17.82378154132847,5.596369155458507,10
4,(t>>8)&(((t>>11)&(t+(t*10)))|(((t|11)&9)^((t*(t^4))^6))),113.52774746370707,154.79490144780533,0.045806332667913056,0.00299097434617579,1164.376974803524,21.617211140359633,4.12651237708202,60
5,(t>>8)&(((t>>11)&(t+(t*10)))|(((t|11)&9)^((t*(t^4))^6))),326.29025551157616,649.9706717320345,0.12435524630330902,0.003018753370270133,1213.7137001772744,38.249148132646845,25.420968913583724,45
6,(t>>8)&(((t>>11)&(t+(t*10)))|(((t|11)&9)^((t*(t^4))^6))),425.4570135933671,1193.6700003871638,0.2459645782661041,0.1026916354894638,1164.1402336961519,44.01143498533902,31.788372822001286,10
7,(t>>8)&(((t>>11)&(t+(t*10)))|(((t|11)&9)^((t*(t^4))^6))),141.93444984369145,104.93803750511968,0.0,0.0017918170196935534,1509.774956430251,71.98921619124131,15.206692709090836,10
8,(t>>8)&(((t>>11)&(t+(t*10)))|(((t|11)&9)^((t*(t^4))^6))),226.03379713942675,280.9879640487055,0.06216439690858406,0.010439522564411163,1136.9456727623285,53.28084446770382,34.62695694597361,90
9,(t>>8)&(((t>>11)&(t+(t*10)))|(((t|11)&9)^((t*(t^4))^6))),139.39583761349388,211.96619919272345,0.015296907021603941,0.003188213799148798,1334.9820847672477,26.56743195558464,7.162047206772699,5
10,(t>>8)&(((t>>11)&(t+(t*10)))|(((t|11)&9)^((t*(t^4))^6))),110.40019334481076,73.14846269767764,0.03732269656069264,0.01572524942457676,1342.1420144949382,19.40540163142049,3.561152588383986,5
11,(t>>8)&(((t>>11)&(t+(t*10)))|(((t|11)&9)^((t*(t^4))^6))),97.27563754209382,241.75788516971528,0.002529559657663484,0.0012727266876026988,991.1442126681889,27.141085718728977,10.408672907555514,0
12,(t>>8)&(((t>>11)&(t+(t*10)))|(((t|11)&9)^((t*(t^4))^6))),122.1362873662898,167.2346409231302,0.07294800627512334,0.045925501734018326,1281.687496806791,21.664568348161293,6.25165641691457,5
13,(t>>8)&(((t>>11)&(t+(t*10)))|(((t|11)&9)^((t*(t^4))^6))),196.1744174563376,405.7179804427909,0.08828053710827996,0.0016842229524627328,1304.748677043691,22.86104031234507,6.0796274092850435,15
14,(t>>8)&(((t>>11)&(t+(t*10)))|(((t|11)&9)^((t*(t^4))^6))),97.83025930842608,3.411796899697501,0.189649828572307,0.0023726827930659056,1417.4767379893633,23.997476419778263,15.226086991116132,5
15,(t>>8)&(((t>>11)&(t+(t*10)))|(((t|11)&9)^((t*(t^4))^6))),107.36918869476686,176.95435390480685,0.0,0.0025257884990423918,1433.8908193850307,66.24577022827744,18.25099035784022,10
16,(t>>8)&(((t>>11)&(t+(t*10)))|(((t|11)&9)^((t*(t^4))^6))),103.74429601663016,154.97250171686454,0.062121026147760834,0.009055635891854763,1301.0617036041765,30.604068240432664,17.537602590797615,10
17,(t>>8)&(((t>>11)&(t+(t*10)))|(((t|11)&9)^((t*(t^4))^6))),108.60954921854986,147.70766995120917,0.0,0.04925819858908653,1255.2164588229039,15.494046067172757,3.7846208782926847,15
18,(t>>8)&(((t>>11)&(t+(t*10)))|(((t|11)&9)^((t*(t^4))^6))),101.63368748181294,200.22769885678892,0.05308022821078978,0.0012967960210517049,997.7689200631303,67.66239376986294,27.32427076605464,15
19,(t>>8)&(((t>>11)&(t+(t*10)))|(((t|11)&9)^((t*(t^4))^6))),118.26714796158525,181.35805695406978,0.06316174554843056,0.006804021541029215,1319.759578061858,22.495588801012595,5.321219539069729,20
20,(t>>8)&(((t>>11)&(t+(t*10)))|(((t|11)&9)^((t*(t^4))^6))),167.98848686647108,245.21767323997508,0.0573739236609379,0.0009217475890181959,1013.2010692059442,79.38588801828527,27.504140063144238,20
21,(t>>8)&(((t>>11)&(t+(t*10)))|(((t|11)&9)^((t*(t^4))^6))),156.94776562111682,238.29595371199085,0.2640642456312277,0.002999884309247136,1294.805961578343,31.508465722552625,19.92076327378828,45
22,(t>>8)&(((t>>11)&(t+(t*10)))|(((t|11)&9)^((t*(t^4))^6))),129.78406585920632,177.74025868595464,0.058940552709491646,0.002765909070149064,1190.7777077415717,67.52155785630691,33.632113534199114,50
23,(t>>8)&(((t>>11)&(t+(t*10)))|(((t|11)&9)^((t*(t^4))^6))),244.34355312670112,354.54611593111593,0.06983284853461177,0.0019510837737470865,1258.957202037009,30.340860095303313,11.21708554283507,75
24,(t>>8)&(((t>>11)&(t+(t*10)))|(((t|11)&9)^((t*(t^4))^6))),189.09533836850213,261.5522757455624,0.08373829660632529,0.046781569719314575,1275.6942840949737,27.863226059607836,10.285687846658544,80
25,(t>>8)&(((t>>11)&(t+(t*10)))|(((t|11)&9)^((t*(t^4))^6))),174.03843748548644,277.1855906617287,0.11710148454336551,0.006853389088064432,1308.9160558275291,79.7512654703985,27.74413128485464,25
26,(t>>8)&(((t>>11)&(t+(t*10)))|(((t|11)&9)^((t*(t^4))^6))),246.34730298264827,323.2227224784397,0.23757568759828065,0.006622179877012968,1431.5232416858235,40.48303524035098,29.05758217338497,30
27,(t>>8)&(((t>>11)&(t+(t*10)))|(((t|11)&9)^((t*(t^4))^6))),188.59749677724096,348.2873727906444,0.0,0.13344234228134155,1278.821506045854,15.76051146696835,4.9327122823896605,35
28,(t>>8)&(((t>>11)&(t+(t*10)))|(((t|11)&9)^((t*(t^4))^6))),288.0914485851207,401.37536917639403,0.12253025016136232,0.04583273082971573,1252.9429417541553,22.901131684397537,5.407880886782287,40
29,(t>>8)&(((t>>11)&(t+(t*10)))|(((t|11)&9)^((t*(t^4))^6))),78.83586540856675,199.58789003661545,0.0164358737438421,0.0017236991552636027,999.2247907973075,22.854141615556642,6.000552631468073,65
30,(t>>8)&(((t>>11)&(t+(t*10)))|(((t|11)&9)^((t*(t^4))^6))),267.4690511318675,792.2482218272226,0.1171476460066297,0.0008198374416679144,771.3499988264559,34.411116801215826,18.835002073255712,10
31,(t>>8)&(((t>>11)&(t+(t*10)))|(((t|11)&9)^((t*(t^4))^6))),219.4298693652527,407.19151625666643,0.12432075332614377,0.0017437281785532832,1300.7017090736545,20.893930462829438,7.251819095219344,40
32,(t>>8)&(((t>>11)&(t+(t*10)))|(((t|11)&9)^((t*(t^4))^6))),161.31513295773047,184.87167453532945,0.2488173841178645,0.0043850368820130825,1289.9346000185658,25.38849095741145,5.836243843911323,20
33,(t>>8)&(((t>>11)&(t+(t*10)))|(((t|11)&9)^((t*(t^4))^6))),127.20082779078044,144.32942565334992,0.15939627110925939,0.010985161177814007,1512.2590649321573,22.45745554157988,5.539370234733745,25
34,(t>>8)&(((t>>11)&(t+(t*10)))|(((t|11)&9)^((t*(t^4))^6))),440.96697901375944,503.5328170993686,0.3018219647666127,0.015320486389100552,1214.4889720264055,17.46642551165286,6.058000059219234,80
35,(t>>8)&(((t>>11)&(t+(t*10)))|(((t|11)&9)^((t*(t^4))^6))),81.7360403765237,183.04986140834353,0.013074551213675786,0.0036685436498373747,1002.227692631179,24.05240092338733,6.996672573186556,0
36,(t>>8)&(((t>>11)&(t+(t*10)))|(((t|11)&9)^((t*(t^4))^6))),343.46879580871166,438.2252398481925,0.16755265567391905,0.0005993160884827375,1253.4538834491,70.01979068531314,33.395290078410014,0
37,(t>>8)&(((t>>11)&(t+(t*10)))|(((t|11)&9)^((t*(t^4))^6))),726.7032111127605,1510.743345438121,0.11837693980341252,0.002156846458092332,1028.9679461561755,52.40725902950262,33.34784197357853,0
38,(t>>8)&(((t>>11)&(t+(t*10)))|(((t|11)&9)^((t*(t^4))^6))),154.52502334371485,37.46349916150723,0.020076560442092745,0.0014760998310521245,1703.7342550187213,57.46292814556842,21.67047401454115,5
39,(t>>8)&(((t>>11)&(t+(t*10)))|(((t|11)&9)^((t*(t^4))^6))),156.77922911863013,211.05188156568548,0.0,0.022725727409124374,1220.7795841698044,20.442397104260834,4.065273945097001,5
40,(t>>8)&(((t>>11)&(t+(t*10)))|(((t|11)&9)^((t*(t^4))^6))),75.81066499065533,85.47943897912471,0.0,0.0027021877467632294,1246.4767079290393,26.406479930239698,4.524843973947466,5
41,(t>>8)&(((t>>11)&(t+(t*10)))|(((t|11)&9)^((t*(t^4))^6))),128.8535195646517,405.13958763013414,0.009893227747068828,0.002134314738214016,1002.8095063308315,15.559219736610748,6.815742559178257,5
42,(t>>8)&(((t>>11)&(t+(t*10)))|(((t|11)&9)^((t*(t^4))^6))),88.91324705900469,310.0989467630192,0.006519690677861656,0.0003850766224786639,876.9194132785127,25.02365557777119,7.594345763764953,10
43,(t>>8)&(((t>>11)&(t+(t*10)))|(((t|11)&9)^((t*(t^4))^6))),99.28516265767405,78.70233914680901,0.04384361080708866,0.005753951612859964,1303.8434117157533,26.52568576136107,4.835292614607566,10
44,(t>>8)&(((t>>11)&(t+(t*10)))|(((t|11)&9)^((t*(t^4))^6))),93.9936702744114,140.17163855773268,0.0,0.0066086044535040855,1451.6708722023948,23.52627463150793,3.4036983354727592,10
45,(t>>8)&(((t>>11)&(t+(t*10)))|(((t|11)&9)^((t*(t^4))^6))),83.29467617955476,153.0656076115051,0.021882861293545098,0.008096780627965927,1022.5053417357866,23.708423597585554,5.8258563894908795,10
46,(t>>8)&(((t>>11)&(t+(t*10)))|(((t|11)&9)^((t*(t^4))^6))),126.28825868688261,162.95470957102268,0.0546922510932625,0.011350949294865131,1252.689132153083,22.797617289425826,3.442196131736275,10
47,(t>>8)&(((t>>11)&(t+(t*10)))|(((t|11)&9)^((t*(t^4))^6))),76.53969834244786,177.21087184568893,0.0050567776708924225,0.002095559611916542,1001.3757175029936,23.673713203379926,6.487459212309773,10
48,(t>>8)&(((t>>11)&(t+(t*10)))|(((t|11)&9)^((t*(t^4))^6))),112.18081184443027,255.78989895528588,0.007092862718762282,0.005665058270096779,989.1506342801218,55.467105392983505,33.01915605611187,10
49,(t>>8)&(((t>>11)&(t+(t*10)))|(((t|11)&9)^((t*(t^4))^6))),330.15724333017795,383.4703318087576,0.278532688011745,0.007766658440232277,1215.3771791922218,18.23711419429194,6.4854822800653995,10
50,(t>>8)&(((t>>11)&(t+(t*10)))|(((t|11)&9)^((t*(t^4))^6))),82.87221313407086,186.89043030848111,0.0141194278514384,0.0036051783245056868,1002.5451622201805,23.917405620515705,6.803554959321888,10
51,(t>>8)&(((t>>11)&(t+(t*10)))|(((t|11)&9)^((t*(t^4))^6))),66.05232106181673,18.407185094002347,0.0,0.0032372139394283295,1043.181337638832,50.61967286356237,22.128941414883396,10
52,(t>>8)&(((t>>11)&(t+(t*10)))|(((t|11)&9)^((t*(t^4))^6))),75.60727105050486,173.5036956135383,0.006120233600762476,0.00346381519921124,995.4735350342382,23.915725749307963,6.889323563799217,10
53,(t>>8)&(((t>>11)&(t+(t*10)))|(((t|11)&9)^((t*(t^4))^6))),76.37084624802105,172.6705412407959,0.00936118550871821,0.0034223333932459354,1004.2364890238654,23.839217150350997,6.773310314178179,10
54,(t>>8)&(((t>>11)&(t+(t*10)))|(((t|11)&9)^((t*(t^4))^6))),92.54203785724127,333.6739236915465,0.004207916787599561,0.00035013846354559064,862.9945944191574,24.872871770088185,7.547828356476097,10
55,(t>>8)&(((t>>11)&(t+(t*10)))|(((t|11)&9)^((t*(t^4))^6))),79.06168992941868,184.44947417558708,0.0050567776708924225,0.0020213115494698286,1001.18653840141,23.697290536505204,6.606094225549215,10
56,(t>>8)&(((t>>11)&(t+(t*10)))|(((t|11)&9)^((t*(t^4))^6))),83.05949827410272,187.23633166003688,0.01173105235403326,0.0036539058201014996,1002.5550240820395,23.875318755804866,6.900406643711835,10
57,(t>>8)&(((t>>11)&(t+(t*10)))|(((t|11)&9)^((t*(t^4))^6))),82.87221313407086,186.89043030848111,0.0141194278514384,0.0036051783245056868,1002.5451622201805,23.917405620515705,6.803554959321888,10
58,(t>>8)&(((t>>11)&(t+(t*10)))|(((t|11)&9)^((t*(t^4))^6))),254.01237405538143,546.7372105264271,0.0,0.17201775312423706,1188.6990413696144,16.75413237391753,3.9172077630085194,10
59,(t>>8)&(((t>>11)&(t+(t*10)))|(((t|11)&9)^((t*(t^4))^6))),78.98450039795809,104.08157229369691,0.038785492264154287,0.0037347956094890833,1269.3536831912097,21.572543449075507,5.85023030815341,15
60,(t>>8)&(((t>>11)&(t+(t*10)))|(((t|11)&9)^((t*(t^4))^6))),205.2388534600731,257.4822120544373,0.13616378871546478,0.017178840935230255,1281.2707790804782,17.158810184549097,5.14179234510438,15
61,(t>>8)&(((t>>11)&(t+(t*10)))|(((t|11)&9)^((t*(t^4))^6))),82.39616708755018,187.07022176490926,0.006583644291996875,0.0036495011299848557,1002.0699565457,23.81204180274948,6.89080991081579,15
62,(t>>8)&(((t>>11)&(t+(t*10)))|(((t|11)&9)^((t*(t^4))^6))),265.93851456154704,409.45896647009835,0.1155940869510119,0.0034142087679356337,1280.6701408241627,18.502802842847668,7.671816360804636,15
63,(t>>8)&(((t>>11)&(t+(t*10)))|(((t|11)&9)^((t*(t^4))^6))),265.93851456154704,409.45896647009835,0.1155940869510119,0.0034142087679356337,1280.6701408241627,18.502802842847668,7.671816360804636,15
64,(t>>8)&(((t>>11)&(t+(t*10)))|(((t|11)&9)^((t*(t^4))^6))),72.14597454627224,162.44217358610794,0.011934253749055858,0.003141331020742655,1013.0459492602936,22.72048119151458,6.550567521585171,15
65,(t>>8)&(((t>>11)&(t+(t*10)))|(((t|11)&9)^((t*(t^4))^6))),157.92498306455897,106.1608843888819,0.0,0.004548090510070324,1415.9256414047277,45.57242496342928,18.638922059872304,15
66,(t>>8)&(((t>>11)&(t+(t*10)))|(((t|11)&9)^((t*(t^4))^6))),161.27790447729575,220.40229406162834,0.07772997418939313,0.0019015364814549685,1436.2912044875825,23.090820713348094,6.1073244769010495,15
67,(t>>8)&(((t>>11)&(t+(t*10)))|(((t|11)&9)^((t*(t^4))^6))),88.91324705900469,310.0989467630192,0.006519690677861656,0.0003850766224786639,876.9194132785127,25.02365557777119,7.594345763764953,15
68,(t>>8)&(((t>>11)&(t+(t*10)))|(((t|11)&9)^((t*(t^4))^6))),83.05949827410272,187.23633166003688,0.01173105235403326,0.0036539058201014996,1002.5550240820395,23.875318755804866,6.900406643711835,15
69,(t>>8)&(((t>>11)&(t+(t*10)))|(((t|11)&9)^((t*(t^4))^6))),84.01796346822185,8.710865600730862,0.008835520263106246,0.0017910749884322286,1022.838275423934,57.346137952086366,17.066386325535404,15
70,(t>>8)&(((t>>11)&(t+(t*10)))|(((t|11)&9)^((t*(t^4))^6))),169.21143378225668,110.4121944280232,0.08950866045732675,0.0070111630484461784,1488.516894413451,23.9348378618898,5.082294971529431,15
71,(t>>8)&(((t>>11)&(t+(t*10)))|(((t|11)&9)^((t*(t^4))^6))),131.02812712474653,284.8287714662684,0.040229627258757825,0.004516652785241604,1203.328279145546,18.540208803279654,5.310765456110679,15
72,(t>>8)&(((t>>11)&(t+(t*10)))|(((t|11)&9)^((t*(t^4))^6))),94.05666821943318,326.88521619235036,0.0027700541131372492,0.0010486512910574675,1022.5063536224364,33.04283619749601,20.562638215324174,15
73,(t>>8)&(((t>>11)&(t+(t*10)))|(((t|11)&9)^((t*(t^4))^6))),157.93412519651324,71.33847887006696,0.07758757211368157,0.0029382400680333376,1622.9053009524162,23.561615019895775,6.302654802433667,15
74,(t>>8)&(((t>>11)&(t+(t*10)))|(((t|11)&9)^((t*(t^4))^6))),151.1510395335543,154.2126877111729,0.03553849524994123,0.008956599049270153,1190.7639441900128,25.3373451060164,7.113089969203591,15
75,(t>>8)&(((t>>11)&(t+(t*10)))|(((t|11)&9)^((t*(t^4))^6))),272.31715932325267,302.8117889891278,0.05775638576081263,0.025166254490613937,1219.551453938017,18.858121919781286,4.733926429946746,20
76,(t>>8)&(((t>>11)&(t+(t*10)))|(((t|11)&9)^((t*(t^4))^6))),325.5614953782416,374.9899324581421,0.280425243805211,0.007803529035300016,1215.059892821298,18.022453684673795,6.410766036411833,20
77,(t>>8)&(((t>>11)&(t+(t*10)))|(((t|11)&9)^((t*(t^4))^6))),212.04305538203184,295.4189183542827,0.08658458450056146,0.009838316589593887,1328.6670940370554,19.905762859513214,4.497655362703549,20
78,(t>>8)&(((t>>11)&(t+(t*10)))|(((t|11)&9)^((t*(t^4))^6))),170.72674501632548,191.32512913944652,0.0,0.029153451323509216,1205.0775579886017,21.17574711939624,3.3039645558734323,20
79,(t>>8)&(((t>>11)&(t+(t*10)))|(((t|11)&9)^((t*(t^4))^6))),99.47317975209695,215.29869334958116,0.009672054747181939,0.0015410729683935642,975.504385288353,61.607216222072196,30.005635391346953,20
80,(t>>8)&(((t>>11)&(t+(t*10)))|(((t|11)&9)^((t*(t^4))^6))),112.68066805416952,66.848278971525,0.18134743265799233,0.0048147146590054035,1162.3569560888488,23.79692121956752,6.55555366063188,20
81,(t>>8)&(((t>>11)&(t+(t*10)))|(((t|11)&9)^((t*(t^4))^6))),163.83052653755806,82.3622103278014,0.033828581704551525,0.008152374997735023,1387.8452025084446,22.905675408737384,9.562676199224493,20
82,(t>>8)&(((t>>11)&(t+(t*10)))|(((t|11)&9)^((t*(t^4))^6))),138.36858577224888,179.9466800199099,0.02343223904986899,0.016138704493641853,1182.6843798368036,19.97759931198336,4.332469269475858,20
83,(t>>8)&(((t>>11)&(t+(t*10)))|(((t|11)&9)^((t*(t^4))^6))),142.8708230256895,211.5580771195238,0.06240923107203074,0.008323928341269493,1309.8365558339224,41.13610162957544,30.248986581392003,20
84,(t>>8)&(((t>>11)&(t+(t*10)))|(((t|11)&9)^((t*(t^4))^6))),141.35793698425002,80.77362692601338,0.12088446518164546,0.0025968020781874657,1015.0615791300922,21.905640625821153,11.390456520909545,20
85,(t>>8)&(((t>>11)&(t+(t*10)))|(((t|11)&9)^((t*(t^4))^6))),78.20196933407414,183.27374889248736,0.0050567776708924225,0.0019638892263174057,1004.3345758560075,23.769320765242533,6.597991378491314,20
86,(t>>8)&(((t>>11)&(t+(t*10)))|(((t|11)&9)^((t*(t^4))^6))),127.97791948855819,129.92253838521998,0.02655037713902798,0.013049725443124771,1037.1778788163517,22.98877327181154,6.118957153913609,20
87,(t>>8)&(((t>>11)&(t+(t*10)))|(((t|11)&9)^((t*(t^4))^6))),221.90200007504808,510.48303073932436,0.0,0.17188112437725067,1153.214315953881,15.84844449524075,3.7759208488570146,20
88,(t>>8)&(((t>>11)&(t+(t*10)))|(((t|11)&9)^((t*(t^4))^6))),83.3368472562352,192.7066043994864,0.007947170336760945,0.0036199605092406273,1002.9131612332445,23.856612446812157,6.8894731936911695,20
89,(t>>8)&(((t>>11)&(t+(t*10)))|(((t|11)&9)^((t*(t^4))^6))),95.31381307186703,55.728021995970714,0.027932404471938625,0.05462795868515968,1279.9343645491358,23.098514634733746,5.543245048887451,20
90,(t>>8)&(((t>>11)&(t+(t*10)))|(((t|11)&9)^((t*(t^4))^6))),81.26729297124542,63.77247497022357,0.07738466164987379,0.004452221095561981,1423.025012776761,46.0744768378733,18.846572288897736,20
91,(t>>8)&(((t>>11)&(t+(t*10)))|(((t|11)&9)^((t*(t^4))^6))),169.7342087963748,399.65056661920937,0.019707476927747276,0.009172861464321613,1184.8628578504433,20.45711221294021,4.8957356127018645,25
92,(t>>8)&(((t>>11)&(t+(t*10)))|(((t|11)&9)^((t*(t^4))^6))),153.9772821010624,226.34845796236652,0.0,0.011597063392400742,1208.4455420477414,23.305612322659563,8.266064393704239,25
93,(t>>8)&(((t>>11)&(t+(t*10)))|(((t|11)&9)^((t*(t^4))^6))),156.6773237941699,164.88644283438984,0.0358316833892492,0.007670879829674959,1188.1532851132274,25.341498791659944,7.225555070192616,25
94,(t>>8)&(((t>>11)&(t+(t*10)))|(((t|11)&9)^((t*(t^4))^6))),254.2674250202628,476.29928978027294,0.0,0.03133362904191017,1160.39360705207,18.80736016829495,5.422673504536484,25
95,(t>>8)&(((t>>11)&(t+(t*10)))|(((t|11)&9)^((t*(t^4))^6))),88.91324705900469,310.0989467630192,0.006519690677861656,0.0003850766224786639,876.9194132785127,25.02365557777119,7.594345763764953,30
96,(t>>8)&(((t>>11)&(t+(t*10)))|(((t|11)&9)^((t*(t^4))^6))),134.9931633943532,96.77141370481219,0.04975489987034661,0.008436007425189018,1418.84755713009,29.24828923483789,7.516549498431264,30
97,(t>>8)&(((t>>11)&(t+(t*10)))|(((t|11)&9)^((t*(t^4))^6))),325.5614953782416,374.9899324581421,0.280425243805211,0.007803529035300016,1215.059892821298,18.022453684673795,6.410766036411833,30
98,(t>>8)&(((t>>11)&(t+(t*10)))|(((t|11)&9)^((t*(t^4))^6))),146.5209164111684,93.36488794710598,0.0635846220188046,0.0023663812316954136,1017.5957572015981,22.750482263350534,5.452794224357755,30
99,(t>>8)&(((t>>11)&(t+(t*10)))|(((t|11)&9)^((t*(t^4))^6))),96.74344052641064,256.9211275959561,0.016797359587082797,0.001976995263248682,1031.4833770385624,20.947561020890774,6.262777078747775,30
100,(t>>8)&(((t>>11)&(t+(t*10)))|(((t|11)&9)^((t*(t^4))^6))),92.84826050999797,334.590409851176,0.004207916787599561,0.00035945107811130583,863.1993377953185,24.872677547098387,7.554141175026621,30
101,(t>>8)&(((t>>11)&(t+(t*10)))|(((t|11)&9)^((t*(t^4))^6))),83.05949827410272,187.23633166003688,0.01173105235403326,0.0036539058201014996,1002.5550240820395,23.875318755804866,6.900406643711835,35
102,(t>>8)&(((t>>11)&(t+(t*10)))|(((t|11)&9)^((t*(t^4))^6))),233.20458053568473,365.73468164762255,0.22716332889157378,0.04595642164349556,1466.4635384823623,28.02041652469831,6.2877870188236935,35
103,(t>>8)&(((t>>11)&(t+(t*10)))|(((t|11)&9)^((t*(t^4))^6))),109.7542903294761,151.48803975162681,0.06587706471679328,0.00984959676861763,1309.7496186116848,67.75485776011159,34.433630685207355,35
104,(t>>8)&(((t>>11)&(t+(t*10)))|(((t|11)&9)^((t*(t^4))^6))),116.72272622701101,146.60872063730963,0.028643581447042918,0.016873309388756752,1270.8114829802755,18.180062885496994,4.962273546380869,35
105,(t>>8)&(((t>>11)&(t+(t*10)))|(((t|11)&9)^((t*(t^4))^6))),112.90508506526977,313.30760476216153,0.019320609395256448,0.0003827519831247628,970.7266649285995,26.62170329353818,8.248085905626063,35
106,(t>>8)&(((t>>11)&(t+(t*10)))|(((t|11)&9)^((t*(t^4))^6))),180.14247350850505,264.43077472671126,0.03997567429201604,0.004864704329520464,1130.1061804984486,25.64465904958702,9.10612858123239,35
107,(t>>8)&(((t>>11)&(t+(t*10)))|(((t|11)&9)^((t*(t^4))^6))),163.81760430355368,477.7308196131045,0.0991412841995945,0.0007765861810185015,1042.547183859571,25.656976917177364,5.973560072083692,35
108,(t>>8)&(((t>>11)&(t+(t*10)))|(((t|11)&9)^((t*(t^4))^6))),307.14638063261697,392.7041804168361,0.10499781294984419,0.01930086314678192,1232.1273325330983,17.596181155316625,5.862478951441054,35
109,(t>>8)&(((t>>11)&(t+(t*10)))|(((t|11)&9)^((t*(t^4))^6))),137.75772821463394,434.8451214378079,0.09856800986852879,0.0014332202263176441,1046.2059656707293,27.08809725593793,5.8963719050158385,35
110,(t>>8)&(((t>>11)&(t+(t*10)))|(((t|11)&9)^((t*(t^4))^6))),88.3645690750839,175.38397547558512,0.030786008965140433,0.0016220223624259233,1100.288879865466,36.18323841035743,23.33020909977305,35
111,(t>>8)&(((t>>11)&(t+(t*10)))|(((t|11)&9)^((t*(t^4))^6))),189.0501443814452,557.8146358906849,0.08051947233118137,0.0007358337170444429,1261.320870574181,25.884835326561888,6.892835305535024,40
112,(t>>8)&(((t>>11)&(t+(t*10)))|(((t|11)&9)^((t*(t^4))^6))),86.31959026860008,23.960420844328343,0.05141743206939479,0.004688625689595938,1028.3142413798664,22.37814817226026,5.270044812517805,40
113,(t>>8)&(((t>>11)&(t+(t*10)))|(((t|11)&9)^((t*(t^4))^6))),145.3304023063252,188.01844782687888,0.023354998544599315,0.01465472113341093,1221.6868007720616,20.018637752020652,5.500382392415939,40
114,(t>>8)&(((t>>11)&(t+(t*10)))|(((t|11)&9)^((t*(t^4))^6))),118.288401923929,330.200282278952,0.013065021829341258,0.001632011029869318,926.3738703788111,18.907660835399863,5.381804751671502,40
115,(t>>8)&(((t>>11)&(t+(t*10)))|(((t|11)&9)^((t*(t^4))^6))),200.8972994192548,267.4616685879227,0.03450597844994362,0.031563401222229004,1234.8494333373537,19.14235903877108,5.064924643264557,40
116,(t>>8)&(((t>>11)&(t+(t*10)))|(((t|11)&9)^((t*(t^4))^6))),325.5614953782416,374.9899324581421,0.280425243805211,0.007803529035300016,1215.059892821298,18.022453684673795,6.410766036411833,40
117,(t>>8)&(((t>>11)&(t+(t*10)))|(((t|11)&9)^((t*(t^4))^6))),90.49008669361615,211.4726520832981,0.04698679319681506,0.0009696592460386455,1066.3588627439462,30.55581479458413,5.239944100762992,45
118,(t>>8)&(((t>>11)&(t+(t*10)))|(((t|11)&9)^((t*(t^4))^6))),114.76674671985211,165.83834229571795,0.0,0.049320708960294724,1212.1394953763506,22.692227573488186,5.073816383726222,45
119,(t>>8)&(((t>>11)&(t+(t*10)))|(((t|11)&9)^((t*(t^4))^6))),123.22323481694718,262.0980490667762,0.011745265752756003,0.009182109497487545,1108.0991563908274,22.53866512688371,4.722474921172825,45
120,(t>>8)&(((t>>11)&(t+(t*10)))|(((t|11)&9)^((t*(t^4))^6))),141.31842048026212,265.9727355053649,0.10714102223303541,0.016733022406697273,1314.0677998265353,19.91220023725502,4.874215929825622,45
121,(t>>8)&(((t>>11)&(t+(t*10)))|(((t|11)&9)^((t*(t^4))^6))),162.65124626274763,225.580844953877,0.12573531715057004,0.010589256882667542,1250.133711459466,21.999264606444658,5.903552970049234,45
122,(t>>8)&(((t>>11)&(t+(t*10)))|(((t|11)&9)^((t*(t^4))^6))),144.14618055573774,162.4449450969628,0.0,0.025822877883911133,1161.0247223936403,30.873752965238587,12.855072467164844,45
123,(t>>8)&(((t>>11)&(t+(t*10)))|(((t|11)&9)^((t*(t^4))^6))),336.05010059314964,609.7994208569315,0.0,0.1979370266199112,1094.5800336030265,29.241999910376663,23.825852641024422,45
124,(t>>8)&(((t>>11)&(t+(t*10)))|(((t|11)&9)^((t*(t^4))^6))),132.05468934635311,156.658158846015,0.08920429762855439,0.001653466490097344,1028.6209497469135,28.704929235955152,21.032737942095984,50
125,(t>>8)&(((t>>11)&(t+(t*10)))|(((t|11)&9)^((t*(t^4))^6))),224.64652638426435,368.0281925955319,0.14954081900957147,0.04591638594865799,1231.1179937673078,23.495122151756846,6.044450219573813,50
126,(t>>8)&(((t>>11)&(t+(t*10)))|(((t|11)&9)^((t*(t^4))^6))),73.79330036491025,160.98520344065406,0.045182074356962754,0.028537148609757423,1467.0136972981197,22.903885543881742,6.200485415487728,50
127,(t>>8)&(((t>>11)&(t+(t*10)))|(((t|11)&9)^((t*(t^4))^6))),252.5876435157102,322.9675718014644,0.11566204922301515,0.012474533170461655,1256.5493962107373,18.938302871040122,4.967118691976559,50
128,(t>>8)&(((t>>11)&(t+(t*10)))|(((t|11)&9)^((t*(t^4))^6))),148.9189842063273,375.03829884584843,0.1597922328867988,0.04604863375425339,1049.6765460596894,20.637992203846817,7.451586010046022,50
129,(t>>8)&(((t>>11)&(t+(t*10)))|(((t|11)&9)^((t*(t^4))^6))),177.1383401004151,329.28939736382273,0.12056758910821543,0.0015188256511464715,1423.60251199788,25.040216524644418,10.917148053640679,60
130,(t>>8)&(((t>>11)&(t+(t*10)))|(((t|11)&9)^((t*(t^4))^6))),81.35309555477791,94.6580239327556,0.13314607247522,0.013576483353972435,1273.0543865356922,24.617551416666902,5.770276889132025,60
131,(t>>8)&(((t>>11)&(t+(t*10)))|(((t|11)&9)^((t*(t^4))^6))),290.6635460782879,374.9339091299536,0.2701125375833759,0.0026705528143793344,1511.2594334715266,21.328120198206356,6.667883406779114,65
132,(t>>8)&(((t>>11)&(t+(t*10)))|(((t|11)&9)^((t*(t^4))^6))),110.14298979719868,272.4228343719147,0.0,0.002072125906124711,1040.9182673103771,19.0010842827548,4.174805170145327,65
133,(t>>8)&(((t>>11)&(t+(t*10)))|(((t|11)&9)^((t*(t^4))^6))),139.3729326958946,164.6163029480933,0.14844959917754882,0.015453684143722057,1247.4701915285714,19.13843975832622,5.840437899215966,70
134,(t>>8)&(((t>>11)&(t+(t*10)))|(((t|11)&9)^((t*(t^4))^6))),276.53126014657244,282.0046452750318,0.1731464484369205,0.013673296198248863,1199.8295036994352,19.79877678412968,6.425655164514161,70
135,(t>>8)&(((t>>11)&(t+(t*10)))|(((t|11)&9)^((t*(t^4))^6))),239.75128182946403,295.1945910740985,0.1280807661971956,0.009622322395443916,1242.50571754272,31.882397168567337,23.21842994992891,70
136,(t>>8)&(((t>>11)&(t+(t*10)))|(((t|11)&9)^((t*(t^4))^6))),170.57897427450334,331.913449095098,0.03821566994301505,0.008623183704912663,1132.4492558904267,20.372894044769744,9.429473499003661,70
137,(t>>8)&(((t>>11)&(t+(t*10)))|(((t|11)&9)^((t*(t^4))^6))),405.1188438005767,685.3915505036636,0.24564105195269284,0.11213073134422302,1268.361648681171,38.495282640124636,28.09195653167058,70
138,(t>>8)&(((t>>11)&(t+(t*10)))|(((t|11)&9)^((t*(t^4))^6))),240.55112092347557,327.66134560147714,0.23456056825383753,0.04591850936412811,1277.7666680104235,24.69135389925152,6.49969277760985,70
139,(t>>8)&(((t>>11)&(t+(t*10)))|(((t|11)&9)^((t*(t^4))^6))),264.2073751849864,411.13658873861283,0.06795500544280503,0.04604567959904671,1160.425804543853,32.02617819320845,21.39170704074581,75
140,(t>>8)&(((t>>11)&(t+(t*10)))|(((t|11)&9)^((t*(t^4))^6))),48.54429850261326,64.01885224856004,0.015973765162640974,0.009292944334447384,1219.125773859074,24.145978698173625,5.823902260638922,75
141,(t>>8)&(((t>>11)&(t+(t*10)))|(((t|11)&9)^((t*(t^4))^6))),394.389382913352,490.118334251368,0.21333973007561857,0.04600140079855919,1227.886074949744,24.260584873351483,6.560186337049195,80
142,(t>>8)&(((t>>11)&(t+(t*10)))|(((t|11)&9)^((t*(t^4))^6))),156.13576281460305,465.92106840178343,0.03574541338053717,0.0012173764407634735,961.207797318959,23.14640519394695,7.819312532483528,85
143,(t>>8)&(((t>>11)&(t+(t*10)))|(((t|11)&9)^((t*(t^4))^6))),283.1661426380179,587.1636051920065,0.0891539702271805,0.003713524667546153,1014.4003348843897,27.124567542631084,6.7183348466601105,85
144,(t>>8)&(((t>>11)&(t+(t*10)))|(((t|11)&9)^((t*(t^4))^6))),342.5700106313828,363.22856995801345,0.19266458905701928,0.002199562033638358,1246.8782010877665,32.210173532460615,22.864787211936488,90
145,(t>>8)&(((t>>11)&(t+(t*10)))|(((t|11)&9)^((t*(t^4))^6))),87.35585325900796,200.26700928630217,0.010350786891739619,0.003542340127751231,1008.4781291713223,21.04260035876317,5.263844131050868,20
146,(t>>8)&(((t>>11)&(t+(t*10)))|(((t|11)&9)^((t*(t^4))^6))),217.99786650648045,242.01232627850632,0.06723958559126789,0.0046454183757305145,1185.7592943232842,66.05297830119193,34.67755539484225,30
147,(t>>8)&(((t>>11)&(t+(t*10)))|(((t|11)&9)^((t*(t^4))^6))),129.41278843611457,282.2019105005303,0.009252816468262672,0.0028373340610414743,1182.6298575372464,21.442993125936724,7.575289466459756,5
148,(t>>8)&(((t>>11)&(t+(t*10)))|(((t|11)&9)^((t*(t^4))^6))),77.88097986459245,133.60975897911712,0.056282966272580844,0.002132354537025094,1274.6309924126665,19.366639040632677,5.916064305642178,5
149,(t>>8)&(((t>>11)&(t+(t*10)))|(((t|11)&9)^((t*(t^4))^6))),58.30481003568831,151.99445846265445,0.029319681151127357,0.0027242605574429035,1204.1352157718522,19.825284045139572,4.48612339137229,15
150,(t>>8)&(((t>>11)&(t+(t*10)))|(((t|11)&9)^((t*(t^4))^6))),273.72202509010646,362.0790090308115,0.28725730408884337,0.0041730813682079315,1467.7384197701867,23.876448358431936,5.406428461220252,25
151,(t>>8)&(((t>>11)&(t+(t*10)))|(((t|11)&9)^((t*(t^4))^6))),94.93643882636738,197.25285365808074,0.013353270801291294,0.0035907994024455547,1011.8214946721093,20.80358564958411,5.589025034850536,20
152,(t>>8)&(((t>>11)&(t+(t*10)))|(((t|11)&9)^((t*(t^4))^6))),132.28943643780082,136.68331781136553,0.09018361611946968,0.009444707073271275,1027.6033753356269,23.957137032327093,8.615265306163284,25
153,(t>>8)&(((t>>11)&(t+(t*10)))|(((t|11)&9)^((t*(t^4))^6))),89.55922995488619,276.46969039700605,0.0021282435954714384,0.0017732462147250772,995.269659730537,60.784465652929164,31.764201806548154,0
154,(t>>8)&(((t>>11)&(t+(t*10)))|(((t|11)&9)^((t*(t^4))^6))),319.3686499909611,575.5191833803073,0.24994735504777751,0.002347227418795228,1332.572207365362,29.363793426996153,7.987189478966255,5
155,(t>>8)&(((t>>11)&(t+(t*10)))|(((t|11)&9)^((t*(t^4))^6))),104.97933537481427,11.15991866177225,0.01329371001162638,0.007648185361176729,1408.6964923582682,25.643377893024603,4.871875556852558,5
156,(t>>8)&(((t>>11)&(t+(t*10)))|(((t|11)&9)^((t*(t^4))^6))),80.54170143662051,114.47023617492842,0.0,0.003630821593105793,1210.215697285821,31.283892040760634,14.85920808283959,15
157,(t>>8)&(((t>>11)&(t+(t*10)))|(((t|11)&9)^((t*(t^4))^6))),119.16763617705081,269.2805881380505,0.01085734270971843,0.004620676394551992,1000.8798698606181,22.035071234145256,5.654837735723436,15
158,(t>>8)&(((t>>11)&(t+(t*10)))|(((t|11)&9)^((t*(t^4))^6))),118.13825424524079,65.90464347098738,0.037809379881598215,0.005279329605400562,1023.1293783653825,23.80368969085808,5.025705191719551,20
159,(t>>8)&(((t>>11)&(t+(t*10)))|(((t|11)&9)^((t*(t^4))^6))),74.52386030885408,251.6022279763125,0.0052522280248881465,0.00033662194618955255,886.99485051762,20.645268074331973,5.7322856994802445,20
160,(t>>8)&(((t>>11)&(t+(t*10)))|(((t|11)&9)^((t*(t^4))^6))),95.75311910194571,178.02036489849527,0.0,0.08001284301280975,996.9961855882616,35.17243776632146,24.94900151442426,30
161,(t>>8)&(((t>>11)&(t+(t*10)))|(((t|11)&9)^((t*(t^4))^6))),330.9424671111053,380.4488591930087,0.27695463651933927,0.0047211842611432076,1240.8150388313873,23.783556787240112,6.279468754920616,30
162,(t>>8)&(((t>>11)&(t+(t*10)))|(((t|11)&9)^((t*(t^4))^6))),149.36410875789605,53.289956801239406,0.09658211507671377,0.003678392618894577,1258.5895445567191,19.90495886965583,6.409683068483782,0
163,(t>>8)&(((t>>11)&(t+(t*10)))|(((t|11)&9)^((t*(t^4))^6))),195.0548441445355,439.12249251584024,0.009582609738011168,0.005495690740644932,1032.899958619156,52.432883057019424,32.92169258315669,5
164,(t>>8)&(((t>>11)&(t+(t*10)))|(((t|11)&9)^((t*(t^4))^6))),117.02705410987566,132.05803242246222,0.032429616876066006,0.000655659765470773,1026.8070151486395,21.712318112351944,9.733362548554064,10
165,(t>>8)&(((t>>11)&(t+(t*10)))|(((t|11)&9)^((t*(t^4))^6))),241.47225593574277,529.9594171005399,0.23875100797423593,0.0018749788869172335,1309.9513855429425,24.793298891024623,14.225718567609933,15
166,(t>>8)&(((t>>11)&(t+(t*10)))|(((t|11)&9)^((t*(t^4))^6))),75.19685735696491,106.99121308493346,0.00808864116165592,0.0009157184395007789,1011.0163014385057,21.28308390251468,5.430430954890796,15
167,(t>>8)&(((t>>11)&(t+(t*10)))|(((t|11)&9)^((t*(t^4))^6))),133.88397994801883,135.82482214723515,0.11495977314456253,0.0017435707850381732,1025.7147288829065,41.151265576198426,24.625171364084398,25
168,(t>>8)&(((t>>11)&(t+(t*10)))|(((t|11)&9)^((t*(t^4))^6))),132.21195089822837,189.41706340790657,0.0,0.04558894783258438,1292.500461443084,21.316296581733887,4.957205162109245,60
169,(t>>8)&(((t>>11)&(t+(t*10)))|(((t|11)&9)^((t*(t^4))^6))),131.98149516314973,192.32129850741225,0.04191981879939697,0.006215412635356188,1448.7919604632962,20.07501971099963,4.610005949155881,0
170,(t>>8)&(((t>>11)&(t+(t*10)))|(((t|11)&9)^((t*(t^4))^6))),112.45913380557732,245.30160405977188,0.012323259234796742,0.007420538924634457,1020.9298047373472,18.981711230350825,4.461871355483277,0
171,(t>>8)&(((t>>11)&(t+(t*10)))|(((t|11)&9)^((t*(t^4))^6))),54.06308678546564,187.66503860780568,0.00019828731375115834,0.0009474280523136258,876.9639491869385,7.084280157969612,6.998401030424685,0
172,(t>>8)&(((t>>11)&(t+(t*10)))|(((t|11)&9)^((t*(t^4))^6))),114.26513162778858,135.57951955455636,0.06493530182428373,0.006897317245602608,1254.830087563447,21.35121776783095,3.98378208712026,5
173,(t>>8)&(((t>>11)&(t+(t*10)))|(((t|11)&9)^((t*(t^4))^6))),250.36404344455252,284.4835552252254,0.2439452930257146,0.0034706478472799063,1364.21914897893,28.036324282121292,19.725527414310573,5
174,(t>>8)&(((t>>11)&(t+(t*10)))|(((t|11)&9)^((t*(t^4))^6))),219.90595544356697,684.5848497561636,0.23025512764297693,0.0011636643903329968,1479.3149778851152,21.97040491790013,17.24379447011684,20
175,(t>>8)&(((t>>11)&(t+(t*10)))|(((t|11)&9)^((t*(t^4))^6))),162.3375168355975,526.8790880147671,0.06459317060834804,0.029951775446534157,1039.8382979864284,51.16745025798067,22.990058656995114,50
176,(t>>8)&(((t>>11)&(t+(t*10)))|(((t|11)&9)^((t*(t^4))^6))),147.51682229018826,504.0993221850776,0.025008587194844407,0.002004462294280529,1003.1385154356135,25.074861860850252,19.159186065225274,5
177,(t>>8)&(((t>>11)&(t+(t*10)))|(((t|11)&9)^((t*(t^4))^6))),68.73423463025817,238.75030457908116,0.0065996750939048,0.0004338201542850584,892.7312479545523,19.09776524856336,6.044570983350499,5
178,(t>>8)&(((t>>11)&(t+(t*10)))|(((t|11)&9)^((t*(t^4))^6))),63.024977533743474,141.55726883181077,0.005845441615352142,0.009114250540733337,1184.5259920791757,15.677795392340633,4.085151360149488,5
179,(t>>8)&(((t>>11)&(t+(t*10)))|(((t|11)&9)^((t*(t^4))^6))),112.60919685029639,243.3553902493739,0.083110697094713,0.019680321216583252,1317.3291991775861,19.483685223643693,3.6674026460598,10
180,(t>>8)&(((t>>11)&(t+(t*10)))|(((t|11)&9)^((t*(t^4))^6))),78.88368039702505,440.6967363510519,0.0,0.004179400857537985,1048.580655511022,42.12307968049554,24.18332623632303,10
181,(t>>8)&(((t>>11)&(t+(t*10)))|(((t|11)&9)^((t*(t^4))^6))),79.32514081852266,103.85401884873443,0.0020014277601617496,0.001432172255590558,979.2639363624581,20.417186025446227,5.495749196271979,10
182,(t>>8)&(((t>>11)&(t+(t*10)))|(((t|11)&9)^((t*(t^4))^6))),284.2475821460014,458.3981184824086,0.23588943110601077,0.0028425194323062897,1490.8963007291718,24.832801426687496,14.545885237338387,15
183,(t>>8)&(((t>>11)&(t+(t*10)))|(((t|11)&9)^((t*(t^4))^6))),114.1420174319999,138.61773295304806,0.018714212148665074,0.0007185231661424041,1027.0421780518884,22.56161037176778,9.11228304146274,20
184,(t>>8)&(((t>>11)&(t+(t*10)))|(((t|11)&9)^((t*(t^4))^6))),110.11721397497776,77.27571611830497,0.011601059143148004,0.0025602702517062426,1331.0631090131378,48.664178798184146,22.379605489103426,20
185,(t>>8)&(((t>>11)&(t+(t*10)))|(((t|11)&9)^((t*(t^4))^6))),126.63211231604882,354.06319150183134,0.0,0.04642145708203316,1042.4026990401806,16.245872665330623,11.067750859047345,20
186,(t>>8)&(((t>>11)&(t+(t*10)))|(((t|11)&9)^((t*(t^4))^6))),103.06736376281341,47.3978548565497,0.07572394667177679,0.0027298848144710064,1335.532986835599,21.972824468475057,8.170548428616469,35
187,(t>>8)&(((t>>11)&(t+(t*10)))|(((t|11)&9)^((t*(t^4))^6))),118.62593503250788,96.17610457830865,0.06827038412126202,0.0010523961391299963,1028.5826246126303,20.274929114670652,9.346319877065314,40
188,(t>>8)&(((t>>11)&(t+(t*10)))|(((t|11)&9)^((t*(t^4))^6))),277.14917260064476,481.1760297512774,0.1297091902736784,0.005571666173636913,1229.8203614280874,65.00418748650063,31.602099610526597,50
189,(t>>8)&(((t>>11)&(t+(t*10)))|(((t|11)&9)^((t*(t^4))^6))),258.42388366791687,316.729986256775,0.24616424097499098,0.002239109016954899,1471.6863302153918,30.518405068987523,6.941215158287768,55
190,(t>>8)&(((t>>11)&(t+(t*10)))|(((t|11)&9)^((t*(t^4))^6))),131.74356688070537,456.67199847222525,0.000558208558628097,0.0023696012794971466,850.6410100696284,9.250328060261428,6.873896713324069,0
191,(t>>8)&(((t>>11)&(t+(t*10)))|(((t|11)&9)^((t*(t^4))^6))),129.64418652486623,181.6328425989105,0.004607706448561909,0.0032591333147138357,1048.6970342432712,58.47885013648189,34.7124767745727,0
192,(t>>8)&(((t>>11)&(t+(t*10)))|(((t|11)&9)^((t*(t^4))^6))),97.77562517037072,250.25247743762355,0.015022757446724848,0.0007679988048039377,1317.7267616846987,15.74232076879022,7.17951939620022,0
193,(t>>8)&(((t>>11)&(t+(t*10)))|(((t|11)&9)^((t*(t^4))^6))),165.98173462989422,538.1138974510819,0.00039396128879935397,0.0023048166185617447,792.2754204353342,9.916423709592532,7.57895172674822,0
194,(t>>8)&(((t>>11)&(t+(t*10)))|(((t|11)&9)^((t*(t^4))^6))),63.62710335983041,62.39153595426808,0.0,0.07025320082902908,1180.3709208374146,13.873829142366777,2.75216683735239,0
195,(t>>8)&(((t>>11)&(t+(t*10)))|(((t|11)&9)^((t*(t^4))^6))),37.348113242916746,121.2912884809927,0.0001047442934218894,0.0007120259688235819,888.9861904329832,8.762934411770042,7.544775775967858,0
196,(t>>8)&(((t>>11)&(t+(t*10)))|(((t|11)&9)^((t*(t^4))^6))),131.42456774161585,31.08078636625294,0.014411830809692517,0.0018186295637860894,1699.5617064386997,45.97801947612908,24.614474722189897,0
197,(t>>8)&(((t>>11)&(t+(t*10)))|(((t|11)&9)^((t*(t^4))^6))),154.8609173107735,349.74682273029606,0.0018781909485723976,0.0008515607914887369,1121.5273070177932,60.08787613956859,28.501102496125128,0
198,(t>>8)&(((t>>11)&(t+(t*10)))|(((t|11)&9)^((t*(t^4))^6))),98.01647635581828,254.81034929446017,0.014894291817179392,0.0007506378460675478,1317.7146320640197,15.749140567655504,7.186756468773969,0
199,(t>>8)&(((t>>11)&(t+(t*10)))|(((t|11)&9)^((t*(t^4))^6))),66.70035478197872,0.8460284229764438,0.1528526077636854,0.0010308359051123261,1410.8267920266921,37.9480117487742,15.145046280751869,0
200,(t>>8)&(((t>>11)&(t+(t*10)))|(((t|11)&9)^((t*(t^4))^6))),131.74356688070537,456.67199847222525,0.000558208558628097,0.0023696012794971466,850.6410100696284,9.250328060261428,6.873896713324069,0
201,(t>>8)&(((t>>11)&(t+(t*10)))|(((t|11)&9)^((t*(t^4))^6))),97.77562517037072,250.25247743762355,0.015022757446724848,0.0007679988048039377,1317.7267616846987,15.74232076879022,7.17951939620022,0
202,(t>>8)&(((t>>11)&(t+(t*10)))|(((t|11)&9)^((t*(t^4))^6))),89.6190812302773,307.03032934562725,0.0004174791835370828,0.0015676076291128993,906.4480685670413,13.883862892433052,6.586428509257559,5
203,(t>>8)&(((t>>11)&(t+(t*10)))|(((t|11)&9)^((t*(t^4))^6))),55.88420465623965,55.69231332926326,0.011146675995011046,0.013732047751545906,1221.8111260087276,17.260971689699645,5.468311009766522,5
204,(t>>8)&(((t>>11)&(t+(t*10)))|(((t|11)&9)^((t*(t^4))^6))),109.09771604586813,395.50023418105275,0.021353787946332952,0.0024002250283956528,1396.1923949711634,21.097108679144647,8.458071833337886,5
205,(t>>8)&(((t>>11)&(t+(t*10)))|(((t|11)&9)^((t*(t^4))^6))),127.77030292930426,162.04660822519816,0.0,0.002629900351166725,1247.0153633414031,23.260451789677838,4.74874183050582,5
206,(t>>8)&(((t>>11)&(t+(t*10)))|(((t|11)&9)^((t*(t^4))^6))),102.44907724953879,304.1194335258155,0.008793532272195918,0.0013260807609185576,1366.310958388655,20.369651796406394,5.124305384266095,5
207,(t>>8)&(((t>>11)&(t+(t*10)))|(((t|11)&9)^((t*(t^4))^6))),128.73761901252539,333.8347017963727,0.0026115386794882994,0.003875739872455597,985.0813071749802,23.473620606206023,10.539954819614954,5
208,(t>>8)&(((t>>11)&(t+(t*10)))|(((t|11)&9)^((t*(t^4))^6))),97.55818464495657,325.6894259142044,0.0,0.00826492253690958,1345.7920341133897,25.18435775100113,12.061643719406286,5
209,(t>>8)&(((t>>11)&(t+(t*10)))|(((t|11)&9)^((t*(t^4))^6))),147.3861280638127,214.63189167585224,0.02327189023181145,0.0014087370363995433,1461.8066604880873,17.806215671075844,7.837818790250895,5
210,(t>>8)&(((t>>11)&(t+(t*10)))|(((t|11)&9)^((t*(t^4))^6))),193.17804856815061,545.519204913834,0.009875351602859427,0.0002506537130102515,1523.5773116059343,18.62746338551953,6.003246847481353,5
211,(t>>8)&(((t>>11)&(t+(t*10)))|(((t|11)&9)^((t*(t^4))^6))),95.36622724035456,142.6086853402158,0.1100391239461492,0.0028227632865309715,1213.5253925137138,19.629855550596744,7.528431866987266,5
212,(t>>8)&(((t>>11)&(t+(t*10)))|(((t|11)&9)^((t*(t^4))^6))),99.47800857687054,304.1126426078738,0.0008460361100092337,0.004434164147824049,1045.9164461162186,15.248311193952402,3.93264605775773,5
213,(t>>8)&(((t>>11)&(t+(t*10)))|(((t|11)&9)^((t*(t^4))^6))),144.4438767976719,231.37280194505644,0.03194035797407677,0.011149645783007145,1106.0579431611416,20.589902589661776,4.335265334714582,5
214,(t>>8)&(((t>>11)&(t+(t*10)))|(((t|11)&9)^((t*(t^4))^6))),114.56228777830054,437.100565864222,0.08726544183391186,0.0021653990261256695,1488.0524395774858,20.493659173063108,12.879257270681412,5
215,(t>>8)&(((t>>11)&(t+(t*10)))|(((t|11)&9)^((t*(t^4))^6))),93.46939321148484,166.42555423755556,0.008775461785437054,0.004184275399893522,1334.3569213244461,20.621784798158135,2.487333804472515,5
216,(t>>8)&(((t>>11)&(t+(t*10)))|(((t|11)&9)^((t*(t^4))^6))),129.44507189172893,541.928551792581,0.06338758382665938,0.0009743727277964354,1178.7805622778976,17.213386700295338,8.706078773638637,5
217,(t>>8)&(((t>>11)&(t+(t*10)))|(((t|11)&9)^((t*(t^4))^6))),23.104454353885565,70.2538487072078,0.004401328488344666,0.0010518665658310056,1357.4098213277384,30.493761202309578,12.567052645620056,5
218,(t>>8)&(((t>>11)&(t+(t*10)))|(((t|11)&9)^((t*(t^4))^6))),139.13682872703066,127.66567283998306,0.05056234626121161,0.0028075429145246744,1517.9236088388393,19.841196011460436,4.5907542640739845,10
219,(t>>8)&(((t>>11)&(t+(t*10)))|(((t|11)&9)^((t*(t^4))^6))),187.69423813915265,20.8799672541163,0.0,0.003461214480921626,965.8427182705336,25.82465318680098,10.557260188337345,10
220,(t>>8)&(((t>>11)&(t+(t*10)))|(((t|11)&9)^((t*(t^4))^6))),69.58498274644398,31.001129043314204,0.016754380903944162,0.0038953209295868874,1016.7012569425565,18.98361938392242,3.9932459242245106,10
221,(t>>8)&(((t>>11)&(t+(t*10)))|(((t|11)&9)^((t*(t^4))^6))),183.75671858963744,202.48188923245343,0.14246764365000084,0.014369409531354904,1288.855902357933,18.238913586355938,5.265425807471032,10
222,(t>>8)&(((t>>11)&(t+(t*10)))|(((t|11)&9)^((t*(t^4))^6))),117.6328763409751,158.54591511632376,0.12369930094608689,0.007664456497877836,1023.5721663653958,26.305778329080336,15.458103810468558,10
223,(t>>8)&(((t>>11)&(t+(t*10)))|(((t|11)&9)^((t*(t^4))^6))),121.7250695602562,50.57280413286564,0.009881050095199444,0.009516159072518349,1109.4957265342882,63.46994374099681,33.62300288633061,10
224,(t>>8)&(((t>>11)&(t+(t*10)))|(((t|11)&9)^((t*(t^4))^6))),93.97523241295268,25.28495008627819,0.0741603388735357,0.0024224235676229,1349.0910433693596,17.530331819543278,7.276438893930559,10
225,(t>>8)&(((t>>11)&(t+(t*10)))|(((t|11)&9)^((t*(t^4))^6))),97.7818649904454,375.66031904547606,8.413056307817885e-05,0.0012558551970869303,898.8366277720943,10.303185917924989,7.545727417028995,10
226,(t>>8)&(((t>>11)&(t+(t*10)))|(((t|11)&9)^((t*(t^4))^6))),98.31901223567287,118.78340417072211,0.01425314795197502,0.0015831280034035444,1368.3511569075722,18.13911197756808,5.8382210092039175,10
227,(t>>8)&(((t>>11)&(t+(t*10)))|(((t|11)&9)^((t*(t^4))^6))),298.1547703647006,965.8799643790938,0.06040407179041602,0.0011077933013439178,840.8875816003458,21.897963392256127,11.37392251553402,10
228,(t>>8)&(((t>>11)&(t+(t*10)))|(((t|11)&9)^((t*(t^4))^6))),128.10094969681947,165.8053609613877,0.008995706712346136,0.001759340986609459,1378.6403569187944,26.24337737829855,6.326747792803384,10
229,(t>>8)&(((t>>11)&(t+(t*10)))|(((t|11)&9)^((t*(t^4))^6))),295.2041451925407,964.7866490345427,0.23960361875178732,0.000311737327137962,1392.9216390133622,19.079599924501423,15.886040650104828,10
230,(t>>8)&(((t>>11)&(t+(t*10)))|(((t|11)&9)^((t*(t^4))^6))),166.32551588976543,271.74925731780485,0.01880495264798323,0.00627839844673872,1084.149975876736,17.487216923227763,4.685440811768642,10
231,(t>>8)&(((t>>11)&(t+(t*10)))|(((t|11)&9)^((t*(t^4))^6))),95.77521533535432,246.18230904897416,0.0048853506870291325,0.0012339898385107517,1083.1750241213833,21.22981145674509,5.503335958483199,10
232,(t>>8)&(((t>>11)&(t+(t*10)))|(((t|11)&9)^((t*(t^4))^6))),146.17009207730453,13.256675263982256,0.030050526869163187,0.005652385298162699,1278.8908467269298,21.00086112817282,4.898675044914309,10
233,(t>>8)&(((t>>11)&(t+(t*10)))|(((t|11)&9)^((t*(t^4))^6))),131.9464253777859,214.87467057979464,0.002857175812329219,0.026142407208681107,1155.478796980692,15.658728568355816,4.549522542375132,10
234,(t>>8)&(((t>>11)&(t+(t*10)))|(((t|11)&9)^((t*(t^4))^6))),129.70421609259532,142.09512540478116,0.10001485334176155,0.000650549482088536,977.4040532590254,16.300426005544942,9.368378630911,10
235,(t>>8)&(((t>>11)&(t+(t*10)))|(((t|11)&9)^((t*(t^4))^6))),107.17157476168403,178.7820121448901,0.0,0.038951560854911804,1119.6272013884914,23.822432318610346,4.077836940164652,10
236,(t>>8)&(((t>>11)&(t+(t*10)))|(((t|11)&9)^((t*(t^4))^6))),170.9723463196882,53.020673757852656,0.015286871610410993,0.002407631604000926,1343.8040144624717,27.578211711446528,12.900388438988934,10
237,(t>>8)&(((t>>11)&(t+(t*10)))|(((t|11)&9)^((t*(t^4))^6))),89.31358364055448,113.44120505958949,0.03128884629231559,0.014600294642150402,1200.7372261257058,18.230106134732516,4.615914609236494,10
238,(t>>8)&(((t>>11)&(t+(t*10)))|(((t|11)&9)^((t*(t^4))^6))),75.60529800672369,24.18405412522649,0.0,0.0031293481588363647,1047.877174624983,41.414893090958735,23.52945566352324,10
239,(t>>8)&(((t>>11)&(t+(t*10)))|(((t|11)&9)^((t*(t^4))^6))),85.69983615292043,181.33537296734616,0.06636822447659915,0.006556140258908272,1268.9618494550614,25.145130763039848,3.781085959493237,10
240,(t>>8)&(((t>>11)&(t+(t*10)))|(((t|11)&9)^((t*(t^4))^6))),82.09082134630421,298.4506088712794,0.00025029582776247465,0.00084977742517367,858.4967883577539,29.84661685493414,17.19457968041505,10
241,(t>>8)&(((t>>11)&(t+(t*10)))|(((t|11)&9)^((t*(t^4))^6))),132.46716151086753,499.18884817892985,0.07668920328080575,0.0012816601665690541,1211.903564971474,29.541835591980675,28.323250754356646,15
242,(t>>8)&(((t>>11)&(t+(t*10)))|(((t|11)&9)^((t*(t^4))^6))),106.27587773828922,16.763184326509247,0.0,0.0031319563277065754,1000.310495109979,38.66054606995453,24.488964545124862,15
243,(t>>8)&(((t>>11)&(t+(t*10)))|(((t|11)&9)^((t*(t^4))^6))),58.78544486078284,49.68799153294287,0.022632154247860966,0.003564765676856041,1158.846932756586,20.143478606587912,7.510120562122286,15
244,(t>>8)&(((t>>11)&(t+(t*10)))|(((t|11)&9)^((t*(t^4))^6))),70.41865119126287,27.66390045112466,0.03529783289103313,0.020466597750782967,1245.4031029288665,17.555048771567574,4.189949726649943,15
245,(t>>8)&(((t>>11)&(t+(t*10)))|(((t|11)&9)^((t*(t^4))^6))),141.45074786838845,308.64882926605446,0.04846776920140285,0.009150932542979717,1269.8049809728825,27.253166210988713,9.116972926859154,15
246,(t>>8)&(((t>>11)&(t+(t*10)))|(((t|11)&9)^((t*(t^4))^6))),261.9003262198726,521.5310206211554,0.17860551216930687,0.0031909181270748377,1333.868969272411,26.16413314933606,14.879275039140794,15
247,(t>>8)&(((t>>11)&(t+(t*10)))|(((t|11)&9)^((t*(t^4))^6))),132.1190120251213,146.75819884765895,0.010912039595155187,0.009112168103456497,1291.6076141547728,21.41053197664293,6.602447481873274,15
248,(t>>8)&(((t>>11)&(t+(t*10)))|(((t|11)&9)^((t*(t^4))^6))),267.70216036925194,954.810264298728,0.0762001232779231,0.0013959521893411875,903.1031216471645,39.110008853251315,23.698616186267188,15
249,(t>>8)&(((t>>11)&(t+(t*10)))|(((t|11)&9)^((t*(t^4))^6))),136.09576956341635,92.87771648346377,0.043984166492073665,0.001309857121668756,996.7121207743447,17.09180308898737,6.944369462583541,15
250,(t>>8)&(((t>>11)&(t+(t*10)))|(((t|11)&9)^((t*(t^4))^6))),81.46383221703765,79.28375316146561,0.0,0.009792223572731018,1112.4345288939005,39.30458372548481,29.65939024875244,15
251,(t>>8)&(((t>>11)&(t+(t*10)))|(((t|11)&9)^((t*(t^4))^6))),247.2995918726298,433.8413788890916,0.015516937049274707,0.003653241554275155,1052.7632975558597,30.052772868794168,7.500379254967603,15
252,(t>>8)&(((t>>11)&(t+(t*10)))|(((t|11)&9)^((t*(t^4))^6))),111.05474910230268,81.15295790160296,0.03314599178350406,0.002157808979973197,1296.012557376904,24.36914320233839,5.71956939611501,15
253,(t>>8)&(((t>>11)&(t+(t*10)))|(((t|11)&9)^((t*(t^4))^6))),143.807480267292,138.16817615074638,0.0,0.00607992522418499,1282.6181305685843,23.097364128786182,7.720347898113341,15
254,(t>>8)&(((t>>11)&(t+(t*10)))|(((t|11)&9)^((t*(t^4))^6))),77.61677736442617,265.545629153712,0.004605042771424866,0.0011764272348955274,884.668709604194,16.033582101663846,6.437726673606179,15
255,(t>>8)&(((t>>11)&(t+(t*10)))|(((t|11)&9)^((t*(t^4))^6))),79.82755224826072,88.63949807083473,0.05532686379051015,0.020353252068161964,1250.8196438446207,19.916692847595105,4.650810881105586,15
256,(t>>8)&(((t>>11)&(t+(t*10)))|(((t|11)&9)^((t*(t^4))^6))),165.98173462989422,538.1138974510819,0.00039396128879935397,0.0023048166185617447,792.2754204353342,9.916423709592532,7.57895172674822,15
257,(t>>8)&(((t>>11)&(t+(t*10)))|(((t|11)&9)^((t*(t^4))^6))),121.4463258920747,467.1667696875392,0.0,0.003955894149839878,1054.6995494984865,36.15871407984333,22.6456194827683,15
258,(t>>8)&(((t>>11)&(t+(t*10)))|(((t|11)&9)^((t*(t^4))^6))),172.27811548183382,286.81645371503436,0.030800521791528528,0.0012518506264314055,1151.0688491544395,24.435394478594727,6.066271376374242,20
259,(t>>8)&(((t>>11)&(t+(t*10)))|(((t|11)&9)^((t*(t^4))^6))),220.91304992079907,305.1169016797735,0.17765877958135143,0.003397507593035698,1374.058879188962,36.835138153678436,13.38079889117433,20
260,(t>>8)&(((t>>11)&(t+(t*10)))|(((t|11)&9)^((t*(t^4))^6))),145.97973814186602,210.02238586116016,0.07792168988734953,0.007749281357973814,1355.425787145243,21.44806331989753,6.208944115842273,20
261,(t>>8)&(((t>>11)&(t+(t*10)))|(((t|11)&9)^((t*(t^4))^6))),236.62833300456893,310.208233169143,0.0,0.07176730781793594,1199.3665471786096,15.267606549706393,5.053754201707039,20
262,(t>>8)&(((t>>11)&(t+(t*10)))|(((t|11)&9)^((t*(t^4))^6))),133.84117427494047,168.62000408110956,0.0,0.13383691012859344,1154.9988893789377,15.05360649822355,3.644544704292584,20
263,(t>>8)&(((t>>11)&(t+(t*10)))|(((t|11)&9)^((t*(t^4))^6))),118.05566410133204,2.0326931709167857,0.06345333977713022,0.00475019495934248,1383.6943534309514,26.177224993241882,14.492698244742826,20
264,(t>>8)&(((t>>11)&(t+(t*10)))|(((t|11)&9)^((t*(t^4))^6))),158.6018153039052,468.2062967438783,0.006864423248446302,0.003534799674525857,1065.5864980047816,57.687293963798425,33.80493459538769,20
265,(t>>8)&(((t>>11)&(t+(t*10)))|(((t|11)&9)^((t*(t^4))^6))),84.99466209006155,207.48208822355568,0.021885726710021553,0.0016942459624260664,1051.861425209757,19.441040906266394,5.738219025209716,20
266,(t>>8)&(((t>>11)&(t+(t*10)))|(((t|11)&9)^((t*(t^4))^6))),163.2559928202134,28.28182186582715,0.08927119773517668,0.007854782976210117,1232.8154069785667,26.104435133000354,9.032871113910321,20
267,(t>>8)&(((t>>11)&(t+(t*10)))|(((t|11)&9)^((t*(t^4))^6))),216.8123253162008,590.7293692506545,0.09680569050410326,0.004122304730117321,1315.6582675660004,23.160821537246925,9.141934298658319,20
268,(t>>8)&(((t>>11)&(t+(t*10)))|(((t|11)&9)^((t*(t^4))^6))),69.75385851871191,74.65740860470042,0.01373234541816134,0.015177701599895954,1229.964390053658,20.257940200069843,2.875541888123441,20
269,(t>>8)&(((t>>11)&(t+(t*10)))|(((t|11)&9)^((t*(t^4))^6))),198.35637950572035,224.3735918400756,0.0,0.0368281789124012,1446.8254996868673,55.435121154460234,35.79569832246683,20
270,(t>>8)&(((t>>11)&(t+(t*10)))|(((t|11)&9)^((t*(t^4))^6))),70.88665175476407,213.77935017273674,0.005887716699052415,0.00040542465285398066,933.6018362492401,23.50413802745003,6.44938957293742,25
271,(t>>8)&(((t>>11)&(t+(t*10)))|(((t|11)&9)^((t*(t^4))^6))),147.5190489395049,244.98099942989893,0.08776678367980678,0.0029838683549314737,1190.911385919239,30.943037397270142,9.261963528301271,25
272,(t>>8)&(((t>>11)&(t+(t*10)))|(((t|11)&9)^((t*(t^4))^6))),104.8887668904875,116.14696823913245,0.019556025335441048,0.0070509593933820724,1144.0688628006976,22.62573340997867,4.612467343714337,25
273,(t>>8)&(((t>>11)&(t+(t*10)))|(((t|11)&9)^((t*(t^4))^6))),345.1482781787077,1060.4097531118498,0.05375620408728801,0.0005933461943641305,1082.296771921423,30.898038520289226,9.378599885134777,25
274,(t>>8)&(((t>>11)&(t+(t*10)))|(((t|11)&9)^((t*(t^4))^6))),111.92325725362832,165.94774016317544,0.06798374686199331,0.0024537399876862764,1272.1644197135406,23.493718369248253,5.176761890623769,25
275,(t>>8)&(((t>>11)&(t+(t*10)))|(((t|11)&9)^((t*(t^4))^6))),131.25964605595226,141.6055111360992,0.0,0.10321024060249329,1208.9754767929892,15.447381205049346,3.9269120200972405,25
276,(t>>8)&(((t>>11)&(t+(t*10)))|(((t|11)&9)^((t*(t^4))^6))),151.46155066977624,307.6107526404569,0.02058833147407718,0.0023204260505735874,1010.7279820728739,26.669255348670582,7.714082401205418,25
277,(t>>8)&(((t>>11)&(t+(t*10)))|(((t|11)&9)^((t*(t^4))^6))),291.14772666996885,498.77598907522986,0.06466285694912392,0.04617758467793465,1182.7132609394039,26.90798326642587,12.432316650679013,25
278,(t>>8)&(((t>>11)&(t+(t*10)))|(((t|11)&9)^((t*(t^4))^6))),115.23277390018195,175.99230755036785,0.0,0.055498987436294556,1198.5128844621029,20.798642468441134,4.012544531068005,25
279,(t>>8)&(((t>>11)&(t+(t*10)))|(((t|11)&9)^((t*(t^4))^6))),78.5727228723164,207.59090877907047,0.011816129863968645,0.0004020819324068725,988.845905807052,25.139709691670628,6.433747821937856,25
280,(t>>8)&(((t>>11)&(t+(t*10)))|(((t|11)&9)^((t*(t^4))^6))),229.2384189386331,681.4274605597748,0.1394341113289387,0.0007658821996301413,919.5697130414917,58.03983567946156,34.081531945054415,25
281,(t>>8)&(((t>>11)&(t+(t*10)))|(((t|11)&9)^((t*(t^4))^6))),69.61778294233494,161.49746824020104,0.02358597785522424,0.003068815916776657,1076.9867247572217,23.177423412535486,5.119608705169893,25
282,(t>>8)&(((t>>11)&(t+(t*10)))|(((t|11)&9)^((t*(t^4))^6))),93.80441563831785,157.9223564451037,0.16829773399782863,0.015804843977093697,1273.1194572659156,35.363556137354834,10.420236943809542,25
283,(t>>8)&(((t>>11)&(t+(t*10)))|(((t|11)&9)^((t*(t^4))^6))),58.22524253254577,10.497225174302539,0.0,0.002259200904518366,1004.443574907929,15.241094433736572,12.615064779467676,25
284,(t>>8)&(((t>>11)&(t+(t*10)))|(((t|11)&9)^((t*(t^4))^6))),196.54653327863176,480.5433355559805,0.0,0.02822006307542324,1178.0225051618927,18.101939910620327,4.829584521835458,30
285,(t>>8)&(((t>>11)&(t+(t*10)))|(((t|11)&9)^((t*(t^4))^6))),111.33481613358194,166.08294734870134,0.13414178086741008,0.015304993838071823,1314.6284440968927,36.87383116550373,10.896425984979683,30
286,(t>>8)&(((t>>11)&(t+(t*10)))|(((t|11)&9)^((t*(t^4))^6))),457.71029220029436,603.0936034945174,0.20319234853056217,0.0023030629381537437,1436.852374966286,43.26755104970705,27.35631206459946,30
287,(t>>8)&(((t>>11)&(t+(t*10)))|(((t|11)&9)^((t*(t^4))^6))),150.29777623141374,191.59364059421,0.10603216673542883,0.0057946452870965,1250.5806526913093,22.26284424353868,5.202807906244222,30
288,(t>>8)&(((t>>11)&(t+(t*10)))|(((t|11)&9)^((t*(t^4))^6))),209.1540707769736,748.758324019567,0.021689596258608387,0.0013592607574537396,984.8542480906907,23.24806364649918,19.943103597069033,30
289,(t>>8)&(((t>>11)&(t+(t*10)))|(((t|11)&9)^((t*(t^4))^6))),199.7363195692936,490.65551787164674,0.0,0.048851337283849716,1211.3128283278395,22.688768503547397,4.84497061514403,30
290,(t>>8)&(((t>>11)&(t+(t*10)))|(((t|11)&9)^((t*(t^4))^6))),86.03055201789904,146.80169787487682,0.0,0.0035506044514477253,1241.30401057728,29.255158203634817,7.400643067698522,35
291,(t>>8)&(((t>>11)&(t+(t*10)))|(((t|11)&9)^((t*(t^4))^6))),92.78738756304038,130.3573047816891,0.057839925729640605,0.015868864953517914,1294.9277138638822,22.63802284214053,5.105200436524966,35
292,(t>>8)&(((t>>11)&(t+(t*10)))|(((t|11)&9)^((t*(t^4))^6))),153.2229414242763,477.80306844040507,0.07732759268092815,0.00037909502862021327,1234.697407539366,19.40759145740979,11.576872854074724,35
293,(t>>8)&(((t>>11)&(t+(t*10)))|(((t|11)&9)^((t*(t^4))^6))),237.10915083658833,600.6336268398417,0.03287791947596487,0.001878967508673668,1004.8456384350569,19.39757411119753,8.527018510095234,35
294,(t>>8)&(((t>>11)&(t+(t*10)))|(((t|11)&9)^((t*(t^4))^6))),282.2455273737284,331.5379036899778,0.06939812924788714,0.006553237792104483,1123.3477733359089,32.112301130236865,8.434144996973968,35
295,(t>>8)&(((t>>11)&(t+(t*10)))|(((t|11)&9)^((t*(t^4))^6))),255.17754717256787,473.76328940863476,0.028056773298468077,0.003781456733122468,1124.6311014282371,29.543318931640655,8.688493498282384,35
296,(t>>8)&(((t>>11)&(t+(t*10)))|(((t|11)&9)^((t*(t^4))^6))),163.75162277030128,358.167107692341,0.03598098360206802,0.046711891889572144,1273.1387129282564,23.931398593944312,5.164804412493615,35
297,(t>>8)&(((t>>11)&(t+(t*10)))|(((t|11)&9)^((t*(t^4))^6))),145.28734533932843,320.8791735392477,0.008017930498057088,0.0016976920887827873,1012.4783211769254,30.239130634420352,7.095622616125329,40
298,(t>>8)&(((t>>11)&(t+(t*10)))|(((t|11)&9)^((t*(t^4))^6))),315.8794314885413,573.0414037961369,0.0,0.11061388999223709,1171.8855045425098,13.821455726171669,5.302420127426952,40
299,(t>>8)&(((t>>11)&(t+(t*10)))|(((t|11)&9)^((t*(t^4))^6))),438.06705417295603,509.8562559533202,0.10735986244796576,0.04608476534485817,1232.8317465455375,38.84664496374899,25.099516895650847,40
300,(t>>8)&(((t>>11)&(t+(t*10)))|(((t|11)&9)^((t*(t^4))^6))),172.578576341871,540.8281029647368,0.0,0.03061586618423462,1194.5039927577238,15.740769469635467,5.090890896076687,45
301,(t>>8)&(((t>>11)&(t+(t*10)))|(((t|11)&9)^((t*(t^4))^6))),285.8286359269632,470.1829014073297,0.0727730059345346,0.002989904722198844,1174.259033067142,37.69973844384733,16.838452619609892,45
302,(t>>8)&(((t>>11)&(t+(t*10)))|(((t|11)&9)^((t*(t^4))^6))),251.20120912817657,586.4770140858201,0.18001754495750671,0.004085254389792681,1217.2317013424708,25.870238712100385,19.433722225529753,45
303,(t>>8)&(((t>>11)&(t+(t*10)))|(((t|11)&9)^((t*(t^4))^6))),205.81630722700038,521.3986706115583,0.04638604410817352,0.008092791773378849,1194.1433924264945,38.062907652868894,23.399974867020976,45
304,(t>>8)&(((t>>11)&(t+(t*10)))|(((t|11)&9)^((t*(t^4))^6))),250.50168389082444,369.68669841748635,0.078436359146446,0.010398189537227154,1476.3748459882943,22.45673909603692,5.227996162880822,45
305,(t>>8)&(((t>>11)&(t+(t*10)))|(((t|11)&9)^((t*(t^4))^6))),100.9652263444735,202.04919059664644,0.09938153690757225,0.00840803887695074,1157.6289960624117,39.61116799933911,30.332723091055207,45
306,(t>>8)&(((t>>11)&(t+(t*10)))|(((t|11)&9)^((t*(t^4))^6))),118.81419915415762,157.0709707633517,0.21353656661924192,0.004043202847242355,1292.5473933096227,33.6549469161502,9.514538576970017,45
307,(t>>8)&(((t>>11)&(t+(t*10)))|(((t|11)&9)^((t*(t^4))^6))),172.77668969774035,564.8639594104976,0.027288520868923614,0.00048217171570286155,942.5237326293837,31.337900020664314,6.752399103456397,45
308,(t>>8)&(((t>>11)&(t+(t*10)))|(((t|11)&9)^((t*(t^4))^6))),233.0990383843893,623.7486992485157,0.004540150170736084,0.005334286950528622,1008.6512673910679,21.19919150805397,7.808211331266261,45
309,(t>>8)&(((t>>11)&(t+(t*10)))|(((t|11)&9)^((t*(t^4))^6))),183.18959193674812,211.20440683828764,0.1317916648424147,0.029334738850593567,1288.3177411176819,19.957652010003418,4.939812769351042,45
310,(t>>8)&(((t>>11)&(t+(t*10)))|(((t|11)&9)^((t*(t^4))^6))),99.81129559275726,273.3896870198658,0.061855712736062336,0.020042715594172478,1354.9170649369864,20.81536689267267,4.527307601710396,49
311,(t>>8)&(((t>>11)&(t+(t*10)))|(((t|11)&9)^((t*(t^4))^6))),197.47583356364495,153.25573501954275,0.03257826032658145,0.001556001021526754,1550.5580344670561,28.59224426771528,6.485323321000088,50
312,(t>>8)&(((t>>11)&(t+(t*10)))|(((t|11)&9)^((t*(t^4))^6))),69.24535987835327,109.74650851128092,0.16178666946908013,0.018273433670401573,1310.0053912996532,33.2489398560059,7.788009916369628,50
313,(t>>8)&(((t>>11)&(t+(t*10)))|(((t|11)&9)^((t*(t^4))^6))),269.53886725486564,659.5045532007709,0.07002548191449884,0.25111404061317444,993.7687993373892,33.52960525178358,28.513333548360617,50
314,(t>>8)&(((t>>11)&(t+(t*10)))|(((t|11)&9)^((t*(t^4))^6))),239.63631739904125,612.2560439306898,0.014448415601970395,0.25128433108329773,960.6543503736912,31.945387114559214,28.863807876027128,50
315,(t>>8)&(((t>>11)&(t+(t*10)))|(((t|11)&9)^((t*(t^4))^6))),170.35671571181558,351.6235254878591,0.012420144831184678,0.01667121984064579,1025.630951069847,21.796795296551398,6.286742644854539,55
316,(t>>8)&(((t>>11)&(t+(t*10)))|(((t|11)&9)^((t*(t^4))^6))),308.49036593633315,423.97695172546656,0.25689829931549946,0.0022045148070901632,1274.2598810223549,40.29023457148069,29.08402287479792,55
317,(t>>8)&(((t>>11)&(t+(t*10)))|(((t|11)&9)^((t*(t^4))^6))),172.06774375894435,231.32024154765392,0.03321643440365727,0.0065633924677968025,1113.168058100073,24.71381100665769,5.116490134065145,55
318,(t>>8)&(((t>>11)&(t+(t*10)))|(((t|11)&9)^((t*(t^4))^6))),150.19103105005146,239.61967125639111,0.06420280476233485,0.0021005382295697927,1024.2581115500243,29.514720730083084,21.286517824952888,55
319,(t>>8)&(((t>>11)&(t+(t*10)))|(((t|11)&9)^((t*(t^4))^6))),152.72895228204564,280.1494549833595,0.03450285284500582,0.01941070146858692,1193.159101059907,36.200038215922284,21.96964407380059,60
320,(t>>8)&(((t>>11)&(t+(t*10)))|(((t|11)&9)^((t*(t^4))^6))),273.78072541153097,535.8061934646024,0.09257152626267993,0.0011136101093143225,1148.8937926608512,35.24354450618267,11.289652789100176,60
321,(t>>8)&(((t>>11)&(t+(t*10)))|(((t|11)&9)^((t*(t^4))^6))),396.781381527876,723.7410960149285,0.12454036706735758,0.19152462482452393,1119.3696453865882,37.37860554197693,28.45832480151196,60
322,(t>>8)&(((t>>11)&(t+(t*10)))|(((t|11)&9)^((t*(t^4))^6))),155.55740302966072,173.81496296388704,0.0,0.0400950126349926,1205.5326003386049,23.541139312892557,4.531457352387239,65
323,(t>>8)&(((t>>11)&(t+(t*10)))|(((t|11)&9)^((t*(t^4))^6))),218.14124856077373,377.3610268539651,0.014654662866915847,0.011144774965941906,1155.4423432435926,21.236732993341437,5.401160289856551,65
324,(t>>8)&(((t>>11)&(t+(t*10)))|(((t|11)&9)^((t*(t^4))^6))),128.81709136547394,160.49933547875258,0.0,0.06939250975847244,1190.0714462999745,18.91252319127548,3.711473705767621,70
325,(t>>8)&(((t>>11)&(t+(t*10)))|(((t|11)&9)^((t*(t^4))^6))),364.1979025135086,697.5599360255884,0.19227287413966068,0.1206023320555687,1243.4855450035182,24.605225720655017,6.465109703212868,70
326,(t>>8)&(((t>>11)&(t+(t*10)))|(((t|11)&9)^((t*(t^4))^6))),334.778885794332,409.71523578334427,0.11288836724674961,0.0023639784194529057,1160.5040872391628,22.887288468475624,5.683368460825926,70
327,(t>>8)&(((t>>11)&(t+(t*10)))|(((t|11)&9)^((t*(t^4))^6))),392.4961075658986,753.8368590552158,0.1473249592096592,0.19160456955432892,1138.5403035542513,37.55863254351717,27.986130191020777,70
328,(t>>8)&(((t>>11)&(t+(t*10)))|(((t|11)&9)^((t*(t^4))^6))),74.71621166403602,282.4616070726575,0.005580754343800895,0.0006077048019506037,861.2443796773449,17.11886953609473,7.480586790779524,70
329,(t>>8)&(((t>>11)&(t+(t*10)))|(((t|11)&9)^((t*(t^4))^6))),176.0409493603652,281.49787704291543,0.04749162388356446,0.006775169167667627,1153.6336971119256,24.103466205465256,5.2009713666025785,75
330,(t>>8)&(((t>>11)&(t+(t*10)))|(((t|11)&9)^((t*(t^4))^6))),220.56419158888113,332.72821414919986,0.12901288065849092,0.027134008705615997,1259.9202177776106,18.94599595230065,4.656941358243144,75
331,(t>>8)&(((t>>11)&(t+(t*10)))|(((t|11)&9)^((t*(t^4))^6))),315.66868497761453,515.3023287269402,0.120932927640048,0.04630020633339882,1067.130675010964,20.939551322061956,7.631165544795389,80
332,(t>>8)&(((t>>11)&(t+(t*10)))|(((t|11)&9)^((t*(t^4))^6))),501.7920027007117,558.2692883163472,0.0,0.0034169747959822416,1169.4061060149734,41.27919130611716,26.966537743302602,80
333,(t>>8)&(((t>>11)&(t+(t*10)))|(((t|11)&9)^((t*(t^4))^6))),480.7076023402386,1030.9987963164294,0.0,0.3713598847389221,950.3427938199836,34.76280617988462,28.769890849108656,80
334,(t>>8)&(((t>>11)&(t+(t*10)))|(((t|11)&9)^((t*(t^4))^6))),348.42702625145876,481.7625606393412,0.21753494715842253,0.04597151651978493,1246.2638024375028,25.486291529546698,6.898198599199581,80
335,(t>>8)&(((t>>11)&(t+(t*10)))|(((t|11)&9)^((t*(t^4))^6))),356.03917366647187,550.1130790113795,0.202873541781654,0.013566608540713787,1213.6011179845248,22.175661138988144,5.920592351436278,80
336,(t>>8)&(((t>>11)&(t+(t*10)))|(((t|11)&9)^((t*(t^4))^6))),233.52561188606316,411.74795324562547,0.044232506387124663,0.005157372914254665,1021.9632058730382,22.195110508618743,5.690725524605742,90
337,(t>>8)&(((t>>11)&(t+(t*10)))|(((t|11)&9)^((t*(t^4))^6))),130.82617335970346,473.92003156754157,0.027483637658928178,0.0011689243838191032,961.7781922007003,18.616286317671427,6.982411769711974,100
338,(t>>8)&(((t>>11)&(t+(t*10)))|(((t|11)&9)^((t*(t^4))^6))),115.0487279449006,423.61490024096787,0.02392727998941435,0.00046260986709967256,748.5020449575889,19.212481953434175,10.696833554814523,100
339,(t>>8)&(((t>>11)&(t+(t*10)))|(((t|11)&9)^((t*(t^4))^6))),20.27685120146472,0.568198890618688,0.02707598602922204,0.00048418808728456497,1404.6142055972143,26.385879440253067,6.834528529920354,0
340,(t>>8)&(((t>>11)&(t+(t*10)))|(((t|11)&9)^((t*(t^4))^6))),106.34950956736644,93.61074874944723,0.0607516576949655,0.0012500822776928544,1013.8421964782555,25.738041517459543,8.0392271221381,0
341,(t>>8)&(((t>>11)&(t+(t*10)))|(((t|11)&9)^((t*(t^4))^6))),103.75655770320705,23.000920486789465,0.01379730888203512,0.0016356422565877438,1500.1884922942315,31.953146713598414,7.015727612327559,5
342,(t>>8)&(((t>>11)&(t+(t*10)))|(((t|11)&9)^((t*(t^4))^6))),100.8406235767583,52.27925820178975,0.09099855244622349,0.001433492754586041,1319.3254129127647,21.66292808846047,8.256201341493473,5
343,(t>>8)&(((t>>11)&(t+(t*10)))|(((t|11)&9)^((t*(t^4))^6))),165.50084207903336,82.62521577095325,0.027858989825678124,0.03533892333507538,1282.5082194561162,20.752597948789752,9.81392380334047,5
344,(t>>8)&(((t>>11)&(t+(t*10)))|(((t|11)&9)^((t*(t^4))^6))),242.22370604817172,389.6410446325743,0.0,0.08183906227350235,1231.9127926273682,14.626208192825922,3.3509646349586024,5
345,(t>>8)&(((t>>11)&(t+(t*10)))|(((t|11)&9)^((t*(t^4))^6))),122.01248795514687,132.38526558318938,0.07229555712865532,0.0036995222326368093,1326.6910872309213,22.68211208958329,5.909285287531973,10
346,(t>>8)&(((t>>11)&(t+(t*10)))|(((t|11)&9)^((t*(t^4))^6))),187.32371638225234,298.6169136262357,0.08738091037488019,0.04572422429919243,1439.2153241666483,21.528628389678257,4.9532867633090145,10
347,(t>>8)&(((t>>11)&(t+(t*10)))|(((t|11)&9)^((t*(t^4))^6))),157.98013439322165,170.4318939072074,0.08948580259337778,0.009120426140725613,1269.6424398346728,25.198523998230485,4.977405723429723,15
348,(t>>8)&(((t>>11)&(t+(t*10)))|(((t|11)&9)^((t*(t^4))^6))),96.25805295419632,52.408025888107694,0.04138072850951461,0.003044688608497381,1529.071102960425,62.389410089812294,11.056919156323257,15
349,(t>>8)&(((t>>11)&(t+(t*10)))|(((t|11)&9)^((t*(t^4))^6))),135.33549286878593,107.40377424054014,0.06450148522308469,0.0004899597843177617,1297.7826759021175,48.10503300615,26.994640039797225,20
350,(t>>8)&(((t>>11)&(t+(t*10)))|(((t|11)&9)^((t*(t^4))^6))),80.01044685142672,124.96225012653134,0.01452658519555533,0.00833288673311472,1259.2180518008788,18.65267889996313,5.4283253417820685,20
351,(t>>8)&(((t>>11)&(t+(t*10)))|(((t|11)&9)^((t*(t^4))^6))),169.6332326814256,114.75024009266882,0.07436933427435216,0.00747096398845315,1300.9037264569072,41.770147994292145,9.078671120721495,20
352,(t>>8)&(((t>>11)&(t+(t*10)))|(((t|11)&9)^((t*(t^4))^6))),217.57199251097606,379.86341104776545,0.16124780626572058,0.001908292411826551,1337.89085771289,29.533421944514245,16.054994300715713,25
353,(t>>8)&(((t>>11)&(t+(t*10)))|(((t|11)&9)^((t*(t^4))^6))),164.98835060513252,419.8909126806963,0.0065412702453410635,0.004152862820774317,1090.567183263393,19.62308310657811,6.4956242211797255,35
354,(t>>8)&(((t>>11)&(t+(t*10)))|(((t|11)&9)^((t*(t^4))^6))),192.6211369824517,601.3230341342613,0.03682018974684194,0.0015057568671181798,895.5504408910499,51.98909291944422,32.88576507676984,50
355,(t>>8)&(((t>>11)&(t+(t*10)))|(((t|11)&9)^((t*(t^4))^6))),304.56308141892515,453.937786504945,0.23421553465433873,0.006012766622006893,1301.1933316481995,18.50315250328214,5.112265394811839,60
356,(t>>8)&(((t>>11)&(t+(t*10)))|(((t|11)&9)^((t*(t^4))^6))),148.34545700099014,209.27681627883385,0.03975331684192187,0.0019206423312425613,1141.0062572067704,31.400115969383357,7.912192284518707,65
357,(t>>8)&(((t>>11)&(t+(t*10)))|(((t|11)&9)^((t*(t^4))^6))),151.88251174020178,255.22752350419802,0.09975867417671656,0.004785414319485426,1160.1716339333805,40.79893091162941,26.65396508683329,100
358,(t>>8)&(((t>>11)&(t+(t*10)))|(((t|11)&9)^((t*(t^4))^6))),125.74322443710203,96.73224650298243,0.05781867987977225,0.007028849795460701,1274.0524552262075,19.781538135833284,5.751611818281375,5
359,(t>>8)&(((t>>11)&(t+(t*10)))|(((t|11)&9)^((t*(t^4))^6))),83.53095803385138,300.1852413271807,0.003758600209992729,0.0009419224807061255,855.3344493352317,12.809608734614123,6.160386765739688,5
360,(t>>8)&(((t>>11)&(t+(t*10)))|(((t|11)&9)^((t*(t^4))^6))),150.18385849837472,94.38190206617625,0.12230714506728127,0.0034443922340869904,1275.62375096421,20.77247555678166,6.277847579695092,5
361,(t>>8)&(((t>>11)&(t+(t*10)))|(((t|11)&9)^((t*(t^4))^6))),98.90357867987754,102.56658378806637,0.07882034891367948,0.0068633598275482655,1370.964320512976,18.592868013311143,7.119509394249461,10
362,(t>>8)&(((t>>11)&(t+(t*10)))|(((t|11)&9)^((t*(t^4))^6))),147.39695312925005,191.13675577813845,0.16482423572110327,0.06219834089279175,1220.9888228135562,15.475827842505666,6.357071597718696,15
363,(t>>8)&(((t>>11)&(t+(t*10)))|(((t|11)&9)^((t*(t^4))^6))),95.45225083555312,137.03776807711748,0.1020064507597701,0.01440410502254963,1134.6229797200185,27.011305932847144,5.498561255189657,35
364,(t>>8)&(((t>>11)&(t+(t*10)))|(((t|11)&9)^((t*(t^4))^6))),311.19324072343335,372.6933143383163,0.23022351686008694,0.04607684910297394,1445.9405787432722,22.420790362711386,10.439487865216908,50
365,(t>>8)&(((t>>11)&(t+(t*10)))|(((t|11)&9)^((t*(t^4))^6))),128.26100794158725,219.73984577237184,0.16243193040937298,0.010788713581860065,1345.0680780992004,29.876367197971895,8.824801439993001,60
366,(t>>8)&(((t>>11)&(t+(t*10)))|(((t|11)&9)^((t*(t^4))^6))),367.8388858546532,503.2804418704782,0.3203851095210765,0.005719284527003765,1275.5894903639994,45.11831311131453,29.9246457467729,60
367,(t>>8)&(((t>>11)&(t+(t*10)))|(((t|11)&9)^((t*(t^4))^6))),170.87790403599624,216.63283298147752,0.11254691405427683,0.04610300809144974,1012.9480897873868,22.326419429543748,10.643185119549672,65
368,(t>>8)&(((t>>11)&(t+(t*10)))|(((t|11)&9)^((t*(t^4))^6))),172.92683047168865,206.1802847696541,0.017070948532837787,0.014925329945981503,1240.9152499072093,19.98194108839904,3.047322399397088,0
369,(t>>8)&(((t>>11)&(t+(t*10)))|(((t|11)&9)^((t*(t^4))^6))),47.31106624307199,145.85873692403362,0.0006452724177940306,0.0006650819559581578,1173.1706305665402,19.85197677893088,8.637053420763412,0
370,(t>>8)&(((t>>11)&(t+(t*10)))|(((t|11)&9)^((t*(t^4))^6))),91.34169873237445,238.187735631514,0.001445884487524584,0.002016795566305518,995.2510439212265,39.2782351057378,31.915624630918067,5
371,(t>>8)&(((t>>11)&(t+(t*10)))|(((t|11)&9)^((t*(t^4))^6))),148.3766207159783,176.13075287641897,0.08298225844168891,0.0018604669021442533,1270.798199541182,21.67290892263783,6.143466158338008,5
372,(t>>8)&(((t>>11)&(t+(t*10)))|(((t|11)&9)^((t*(t^4))^6))),89.56218565291064,270.80275178378633,0.006149253822065999,0.0014188443310558796,1394.5764397004586,62.344302496315564,32.7525850690718,5
373,(t>>8)&(((t>>11)&(t+(t*10)))|(((t|11)&9)^((t*(t^4))^6))),111.24979193494926,343.0162004916631,0.00710768000595851,0.0014275667490437627,1110.1510250560032,65.11744059033954,35.87348275097875,5
374,(t>>8)&(((t>>11)&(t+(t*10)))|(((t|11)&9)^((t*(t^4))^6))),115.75272760541525,17.396264691737628,0.014656590455833693,0.0007684816955588758,1479.505772887831,18.935325840693064,6.037495272082663,5
375,(t>>8)&(((t>>11)&(t+(t*10)))|(((t|11)&9)^((t*(t^4))^6))),149.0941846829837,29.753613822243643,0.14922062305899564,0.001107315649278462,1019.6892026880796,24.73424875322758,6.354777131688592,5
376,(t>>8)&(((t>>11)&(t+(t*10)))|(((t|11)&9)^((t*(t^4))^6))),168.275850453112,241.99063238586703,0.009858651084618907,0.00666143000125885,1106.0554974981358,17.806005450201834,4.052274260179939,5
377,(t>>8)&(((t>>11)&(t+(t*10)))|(((t|11)&9)^((t*(t^4))^6))),195.00744088811712,251.2653258326771,0.08250766587632312,0.0016791076632216573,1290.653868811021,19.964134536370334,6.788641290808727,10
378,(t>>8)&(((t>>11)&(t+(t*10)))|(((t|11)&9)^((t*(t^4))^6))),188.06427816198664,338.25736156567376,0.10004509601641655,0.0007598001975566149,1326.2170005219052,31.995565730133624,6.66543860724099,10
379,(t>>8)&(((t>>11)&(t+(t*10)))|(((t|11)&9)^((t*(t^4))^6))),101.8374532739324,175.0049082973553,0.03412524573829104,0.002775193890556693,1307.2556750935623,25.147743817544846,6.882488777036518,15
380,(t>>8)&(((t>>11)&(t+(t*10)))|(((t|11)&9)^((t*(t^4))^6))),135.8289209637998,73.25617677746231,0.08179501168417243,0.0035675845574587584,1000.0864714104746,17.991187500118293,6.374756526253561,15
381,(t>>8)&(((t>>11)&(t+(t*10)))|(((t|11)&9)^((t*(t^4))^6))),266.6669921602971,537.0527201658368,0.0,0.09685805439949036,1198.1237387681606,14.172716835543447,5.124985783515562,20
382,(t>>8)&(((t>>11)&(t+(t*10)))|(((t|11)&9)^((t*(t^4))^6))),199.0711213921334,377.9888578535049,0.10287572886221948,0.0008082421263679862,1354.6572246281291,31.989463463592894,6.717492688048471,20
383,(t>>8)&(((t>>11)&(t+(t*10)))|(((t|11)&9)^((t*(t^4))^6))),111.84147067332425,204.81637881227408,0.008504548438846458,0.0026261908933520317,1117.1055908890476,38.52881744681995,21.503609885812725,20
384,(t>>8)&(((t>>11)&(t+(t*10)))|(((t|11)&9)^((t*(t^4))^6))),212.3031494302168,307.11464173676336,0.02876332612520095,0.00976552814245224,1109.7362894743176,25.492038067383902,6.295366940924333,30
385,(t>>8)&(((t>>11)&(t+(t*10)))|(((t|11)&9)^((t*(t^4))^6))),181.27336558583255,352.1383294856844,0.015737646999382172,0.003667237004265189,1042.271526313599,24.821690084572243,7.315335327320839,30
386,(t>>8)&(((t>>11)&(t+(t*10)))|(((t|11)&9)^((t*(t^4))^6))),165.09802151284256,259.9219899349407,0.03064750668378796,0.010644440539181232,1109.5704596284795,34.39172018313515,28.12125296281448,50
387,(t>>8)&(((t>>11)&(t+(t*10)))|(((t|11)&9)^((t*(t^4))^6))),59.6362995986322,169.56909067007518,0.02891599971881016,0.013957865536212921,1323.706688315158,19.20505901647278,4.516653543483397,50
388,(t>>8)&(((t>>11)&(t+(t*10)))|(((t|11)&9)^((t*(t^4))^6))),174.56288301614708,221.88080864965661,0.006423897829404984,0.0075242724269628525,1351.55572577418,24.8191263728837,6.753100060836475,65
389,(t>>8)&(((t>>11)&(t+(t*10)))|(((t|11)&9)^((t*(t^4))^6))),209.3249770812652,248.59299236518945,0.06237620426330639,0.009104219265282154,1140.4523729106331,31.85032278481326,23.72941725751239,100
390,(t>>8)&(((t>>11)&(t+(t*10)))|(((t|11)&9)^((t*(t^4))^6))),141.28924318165267,203.59002123877497,0.06109947230953508,0.007233040407299995,1446.2575222215132,21.07386803495043,4.9336689643667215,5
391,(t>>8)&(((t>>11)&(t+(t*10)))|(((t|11)&9)^((t*(t^4))^6))),155.3096119719054,70.97040176932543,0.057912538430126594,0.0018990150419995189,1261.8597447703685,20.622741623010803,7.695676432472253,5
392,(t>>8)&(((t>>11)&(t+(t*10)))|(((t|11)&9)^((t*(t^4))^6))),141.0452568088357,534.2622920693495,0.026996257003890235,0.00037984285154379904,913.6470086721429,30.46795938527599,9.03212650932841,20
393,(t>>8)&(((t>>11)&(t+(t*10)))|(((t|11)&9)^((t*(t^4))^6))),180.58267488364982,340.5444667881742,0.022148832667008594,0.002062682993710041,1014.7951768303435,29.838618223570563,9.21828133373676,25
394,(t>>8)&(((t>>11)&(t+(t*10)))|(((t|11)&9)^((t*(t^4))^6))),217.97134224855057,404.6746544230061,0.0,0.06210051104426384,1201.0410613323297,20.949828206585746,5.198156892484899,25
395,(t>>8)&(((t>>11)&(t+(t*10)))|(((t|11)&9)^((t*(t^4))^6))),148.32927739113546,291.8725446101082,0.018683348989394465,0.0025429504457861185,1009.6322000722405,28.6605424563547,8.712515582119753,30
396,(t>>8)&(((t>>11)&(t+(t*10)))|(((t|11)&9)^((t*(t^4))^6))),180.79247402773936,341.2120254809887,0.022180435963060973,0.0016582647804170847,1014.5781586756714,29.836369066045478,9.260386896374316,30
397,(t>>8)&(((t>>11)&(t+(t*10)))|(((t|11)&9)^((t*(t^4))^6))),180.58267488364982,340.5444667881742,0.022148832667008594,0.002062682993710041,1014.7951768303435,29.838618223570563,9.21828133373676,30
398,(t>>8)&(((t>>11)&(t+(t*10)))|(((t|11)&9)^((t*(t^4))^6))),199.47359326632363,196.02073267865495,0.052402299151373476,0.0061639887280762196,1173.2281448953058,26.799694161458817,8.822950139617966,35
399,(t>>8)&(((t>>11)&(t+(t*10)))|(((t|11)&9)^((t*(t^4))^6))),211.96757733450062,462.34383345977153,0.0,0.016135575249791145,1261.1982318058097,17.624594235798668,8.67257982570345,35
400,(t>>8)&(((t>>11)&(t+(t*10)))|(((t|11)&9)^((t*(t^4))^6))),194.2342851685247,238.76286761683423,0.046437933312732105,0.0039395964704453945,1149.1608975129338,28.763980396934347,9.116543507935722,40
401,(t>>8)&(((t>>11)&(t+(t*10)))|(((t|11)&9)^((t*(t^4))^6))),191.98107977184534,150.52713208238092,0.2366029135745352,0.005253667943179607,1528.306716696681,29.900619998279794,6.774438685046239,40
402,(t>>8)&(((t>>11)&(t+(t*10)))|(((t|11)&9)^((t*(t^4))^6))),143.10684267530786,244.7767134955298,0.02810980401427905,0.0035981216933578253,1047.5325281807566,27.848366851660515,8.649330926144566,40
403,(t>>8)&(((t>>11)&(t+(t*10)))|(((t|11)&9)^((t*(t^4))^6))),81.48629160708873,209.80599813126744,0.06453477667912637,0.013532218523323536,1283.6091091617086,31.456843773260598,8.35812302537952,40
404,(t>>8)&(((t>>11)&(t+(t*10)))|(((t|11)&9)^((t*(t^4))^6))),184.14691469528194,316.66442613211876,0.06049664443783208,0.020431311801075935,1154.9272729395752,25.02362625779082,7.470318571584463,45
405,(t>>8)&(((t>>11)&(t+(t*10)))|(((t|11)&9)^((t*(t^4))^6))),162.7792961067502,238.9016922553693,0.07985611532496875,0.005472118034958839,1231.498682760193,29.828404991634983,7.980495933862845,45
406,(t>>8)&(((t>>11)&(t+(t*10)))|(((t|11)&9)^((t*(t^4))^6))),141.61827213561682,194.97888289796103,0.0,0.03735719248652458,1291.3722433955202,43.30653425734078,27.567398327769762,45
407,(t>>8)&(((t>>11)&(t+(t*10)))|(((t|11)&9)^((t*(t^4))^6))),160.9037254803712,210.01193952821293,0.05764959024748244,0.01712794601917267,1159.3458082266038,17.050477767020336,4.476313684711939,45
408,(t>>8)&(((t>>11)&(t+(t*10)))|(((t|11)&9)^((t*(t^4))^6))),228.63031420902556,316.6144271467174,0.1896725888792366,0.002151229651644826,1241.7817262960334,24.644697222506522,6.743931951753942,50
409,(t>>8)&(((t>>11)&(t+(t*10)))|(((t|11)&9)^((t*(t^4))^6))),165.91248395779235,208.59041384741155,0.06470609759195485,0.004507861565798521,1161.5762347242896,29.330098711844233,9.09938055321001,60
410,(t>>8)&(((t>>11)&(t+(t*10)))|(((t|11)&9)^((t*(t^4))^6))),193.44619568970035,266.0899887410321,0.0369556103582102,0.0021800643298774958,1144.4129091559796,30.939345949470592,7.528497087191389,65
411,(t>>8)&(((t>>11)&(t+(t*10)))|(((t|11)&9)^((t*(t^4))^6))),233.07900807832627,418.0426972845329,0.11876929857857416,0.013164106756448746,1309.199644235052,21.553706244097057,5.847184894114904,70
412,(t>>8)&(((t>>11)&(t+(t*10)))|(((t|11)&9)^((t*(t^4))^6))),234.2718317431393,306.97810813942624,0.06238106282974706,0.0060780663043260574,1151.7636790242655,27.053036913913818,8.928739230131018,90
413,(t>>8)&(((t>>11)&(t+(t*10)))|(((t|11)&9)^((t*(t^4))^6))),152.54482266437978,301.2412720121369,0.015424393007560499,0.0026217892300337553,1010.0418678315921,27.467953429038996,8.293661722309459,5
414,(t>>8)&(((t>>11)&(t+(t*10)))|(((t|11)&9)^((t*(t^4))^6))),152.54482266437978,301.2412720121369,0.015424393007560499,0.0026217892300337553,1010.0418678315921,27.467953429038996,8.293661722309459,20
415,(t>>8)&(((t>>11)&(t+(t*10)))|(((t|11)&9)^((t*(t^4))^6))),157.79376762365794,176.0473172325207,0.0,0.06227647513151169,1222.300646409097,19.849634742854466,3.6495048464541653,25
416,(t>>8)&(((t>>11)&(t+(t*10)))|(((t|11)&9)^((t*(t^4))^6))),161.23637375356694,366.7728465717995,0.025918853079178242,0.002602294320240617,1033.0683252997474,24.978614380144204,7.052257190291202,25
417,(t>>8)&(((t>>11)&(t+(t*10)))|(((t|11)&9)^((t*(t^4))^6))),152.7578147162154,301.76505835328294,0.015489947246630368,0.0019380106823518872,1009.6892393509991,27.418787010892242,8.357011835747988,30
418,(t>>8)&(((t>>11)&(t+(t*10)))|(((t|11)&9)^((t*(t^4))^6))),152.54482266437978,301.2412720121369,0.015424393007560499,0.0026217892300337553,1010.0418678315921,27.467953429038996,8.293661722309459,30
419,(t>>8)&(((t>>11)&(t+(t*10)))|(((t|11)&9)^((t*(t^4))^6))),160.60164072192302,299.64859105097446,0.020765861508509183,0.0025912835262715816,1027.0691836440133,25.827589448797337,7.838588647664319,30
420,(t>>8)&(((t>>11)&(t+(t*10)))|(((t|11)&9)^((t*(t^4))^6))),229.28389095002717,311.00697569515035,0.0,0.015737032517790794,1242.4726854542525,21.58966475637603,4.876041161554685,40
421,(t>>8)&(((t>>11)&(t+(t*10)))|(((t|11)&9)^((t*(t^4))^6))),116.43825435143914,194.96030758106087,0.0,0.06840024143457413,1267.314912919531,14.852096464348113,4.222216488784281,45
422,(t>>8)&(((t>>11)&(t+(t*10)))|(((t|11)&9)^((t*(t^4))^6))),169.8339008279317,119.31125243959764,0.01657929091553574,0.0039354232139885426,1275.4530256938235,49.58752567437923,34.52514765852475,15
423,(t>>8)&(((t>>11)&(t+(t*10)))|(((t|11)&9)^((t*(t^4))^6))),103.59347797507706,79.54366566917109,0.014879184628382815,0.007694920990616083,1315.7179995327624,29.977278320142403,5.225608646460384,50
424,(t>>8)&(((t>>11)&(t+(t*10)))|(((t|11)&9)^((t*(t^4))^6))),692.0458326910889,1487.6625898738328,0.13947185894600606,0.4665229022502899,866.7450853842955,31.488368542962252,22.97729967176667,90
425,(t>>8)&(((t>>11)&(t+(t*10)))|(((t|11)&9)^((t*(t^4))^6))),307.5687966924981,1018.7556199242216,0.07767857591165525,0.0006311190663836896,793.3708371164164,51.64989008979083,33.468598601290005,10
426,(t>>8)&(((t>>11)&(t+(t*10)))|(((t|11)&9)^((t*(t^4))^6))),331.0015977794286,678.1283224807216,0.0937849934291141,0.004297384526580572,1285.9357332866955,39.5308237140074,12.363253091158686,30
427,(t>>8)&(((t>>11)&(t+(t*10)))|(((t|11)&9)^((t*(t^4))^6))),220.30781849555265,241.885927710204,0.0,0.017051463946700096,1429.6111713656592,26.321460670661494,12.018255853048593,25
428,(t>>8)&(((t>>11)&(t+(t*10)))|(((t|11)&9)^((t*(t^4))^6))),112.68152842059577,122.63860822941102,0.013178721380591783,0.006296804174780846,1246.2872426300414,20.974060763271407,5.82527801130379,20
429,(t>>8)&(((t>>11)&(t+(t*10)))|(((t|11)&9)^((t*(t^4))^6))),88.91324705900469,310.0989467630192,0.006519690677861656,0.0003850766224786639,876.9194132785127,25.02365557777119,7.594345763764953,20
430,(t>>8)&(((t>>11)&(t+(t*10)))|(((t|11)&9)^((t*(t^4))^6))),185.48139141714202,433.21204816689993,0.05781412491235713,0.0015738679794594646,1194.4223896276153,55.3302263212094,21.943747574338836,10
431,(t>>8)&(((t>>11)&(t+(t*10)))|(((t|11)&9)^((t*(t^4))^6))),211.1763934944961,280.97315502958776,0.19984111009498126,0.0013109688879922032,1338.5190302443254,20.400849751579972,8.932015014256358,25
432,(t>>8)&(((t>>11)&(t+(t*10)))|(((t|11)&9)^((t*(t^4))^6))),142.15585872457063,322.5222433710008,0.1247845647145144,0.002981142606586218,1233.7640566018736,19.00359621934678,8.142012460304045,5
433,(t>>8)&(((t>>11)&(t+(t*10)))|(((t|11)&9)^((t*(t^4))^6))),90.33703981276717,133.21701928127425,0.010572965056488,0.018064921721816063,1293.77918897865,18.624444009390277,3.861728799756547,50
434,(t>>8)&(((t>>11)&(t+(t*10)))|(((t|11)&9)^((t*(t^4))^6))),134.58730487254462,222.6754266854287,0.03724398906223682,0.0034846789203584194,1468.1522211472893,21.32781573760071,5.377809598505965,5
435,(t>>8)&(((t>>11)&(t+(t*10)))|(((t|11)&9)^((t*(t^4))^6))),21.871538613759405,3.6670208007267697,0.011106007321436007,4.9518657760927454e-05,1250.508131490284,47.336698748329866,29.470683395685512,0
436,(t>>8)&(((t>>11)&(t+(t*10)))|(((t|11)&9)^((t*(t^4))^6))),101.8676898784483,193.90022840642823,0.018211157875606284,0.0037688936572521925,1114.7841471201077,25.89713056363749,5.3236696401596015,35
437,(t>>8)&(((t>>11)&(t+(t*10)))|(((t|11)&9)^((t*(t^4))^6))),153.67596927811348,129.71462734877008,0.05830959327364631,0.005257873330265284,1051.097092415755,52.14740738070862,22.145905567459838,20
438,(t>>8)&(((t>>11)&(t+(t*10)))|(((t|11)&9)^((t*(t^4))^6))),97.54840148038751,77.71953576437258,0.0,0.03245893493294716,1289.4124080113131,22.79587829033304,4.255407462159123,15
439,(t>>8)&(((t>>11)&(t+(t*10)))|(((t|11)&9)^((t*(t^4))^6))),160.20370672009125,100.02195785317987,0.16323845750494712,0.026980943977832794,1279.7751289104217,16.5501934835926,6.224435687562066,10
440,(t>>8)&(((t>>11)&(t+(t*10)))|(((t|11)&9)^((t*(t^4))^6))),119.23166371038675,212.10463093715944,0.0,0.005329902749508619,1262.5471925273882,24.178772741344368,7.562233111778944,5
441,(t>>8)&(((t>>11)&(t+(t*10)))|(((t|11)&9)^((t*(t^4))^6))),83.05949827410272,187.23633166003688,0.01173105235403326,0.0036539058201014996,1002.5550240820395,23.875318755804866,6.900406643711835,20
442,(t>>8)&(((t>>11)&(t+(t*10)))|(((t|11)&9)^((t*(t^4))^6))),532.8816606612048,1278.0415154604934,0.14525054552830463,0.0028729629702866077,1257.205473472337,34.938118009534136,22.4505889877372,40
443,(t>>8)&(((t>>11)&(t+(t*10)))|(((t|11)&9)^((t*(t^4))^6))),104.00196231865488,48.717262006445104,0.11841307945169287,0.003307458246126771,1272.1070659230036,22.416676117161888,10.346263036606858,5
444,(t>>8)&(((t>>11)&(t+(t*10)))|(((t|11)&9)^((t*(t^4))^6))),87.44313574370065,104.1985786876379,0.022781685692353778,0.01087426207959652,1246.2500685188513,15.415895205940862,4.338712418954644,5
445,(t>>8)&(((t>>11)&(t+(t*10)))|(((t|11)&9)^((t*(t^4))^6))),174.20917885853095,352.0250249904512,0.01909531583046665,0.006792718544602394,1055.7612996362518,21.31986824705559,5.097832535016181,50
446,(t>>8)&(((t>>11)&(t+(t*10)))|(((t|11)&9)^((t*(t^4))^6))),146.1497142699777,216.5616120807695,0.060300909661315155,0.025287136435508728,1226.0577735521188,22.28354055596671,4.207946336049107,35
447,(t>>8)&(((t>>11)&(t+(t*10)))|(((t|11)&9)^((t*(t^4))^6))),167.6385317134949,185.26464822286792,0.0,0.17934711277484894,1192.792407905188,11.113339945129217,4.325756770961516,0
448,(t>>8)&(((t>>11)&(t+(t*10)))|(((t|11)&9)^((t*(t^4))^6))),83.03546003610121,56.06037311719662,0.13079768011402185,0.01841980218887329,1239.2396834680055,17.38305633275874,5.291156351855536,5
449,(t>>8)&(((t>>11)&(t+(t*10)))|(((t|11)&9)^((t*(t^4))^6))),130.47644928919237,205.7700796546335,0.0756148679904796,0.004188681486994028,1319.316724869038,19.02277880510202,5.090767018592487,5
450,(t>>8)&(((t>>11)&(t+(t*10)))|(((t|11)&9)^((t*(t^4))^6))),112.84727533821902,158.291011565141,0.0,0.04848780855536461,1165.635585670989,23.594925993397933,6.140013989413842,35
451,(t>>8)&(((t>>11)&(t+(t*10)))|(((t|11)&9)^((t*(t^4))^6))),88.0348558556384,161.71557663753148,0.016684113471359327,0.004870425909757614,1070.8250354098607,24.047003575074395,6.354705111725848,25
452,(t>>8)&(((t>>11)&(t+(t*10)))|(((t|11)&9)^((t*(t^4))^6))),161.1121410525925,131.9507535723085,0.015256224540759504,0.000811072823125869,1621.9284605801618,31.379484265665415,15.369998565042598,5
453,(t>>8)&(((t>>11)&(t+(t*10)))|(((t|11)&9)^((t*(t^4))^6))),191.88852496741907,392.7320627925063,0.03586612817105366,0.0020227250643074512,1027.5151164853314,28.883799124397726,7.8773269115230935,35
454,(t>>8)&(((t>>11)&(t+(t*10)))|(((t|11)&9)^((t*(t^4))^6))),113.17795320392939,192.2008238872071,0.0,0.03315821662545204,1110.6573134463847,21.221308841306744,9.895608610713882,10
455,(t>>8)&(((t>>11)&(t+(t*10)))|(((t|11)&9)^((t*(t^4))^6))),210.16378155331225,403.1066791961063,0.12703676231156208,0.0013554519973695278,1303.1013507694597,33.4463534010297,22.547088760296766,35
456,(t>>8)&(((t>>11)&(t+(t*10)))|(((t|11)&9)^((t*(t^4))^6))),233.73960015431643,653.3768622337025,0.16442032659796227,0.00011966869351454079,1013.3073708579674,64.6968279660075,35.81287705960553,0
457,(t>>8)&(((t>>11)&(t+(t*10)))|(((t|11)&9)^((t*(t^4))^6))),180.58267488364982,340.5444667881742,0.022148832667008594,0.002062682993710041,1014.7951768303435,29.838618223570563,9.21828133373676,25
458,(t>>8)&(((t>>11)&(t+(t*10)))|(((t|11)&9)^((t*(t^4))^6))),190.3677466054587,575.0948268518696,0.0003244361073762216,0.0021720626391470432,724.2239041712052,10.596409762522736,8.566630930061386,0
459,(t>>8)&(((t>>11)&(t+(t*10)))|(((t|11)&9)^((t*(t^4))^6))),98.16386225528899,339.3471234649589,0.007070496551197552,0.0006997022428549826,884.5237311232111,23.887551832841876,6.029380951411454,10
460,(t>>8)&(((t>>11)&(t+(t*10)))|(((t|11)&9)^((t*(t^4))^6))),241.09851552922416,90.17020159370503,0.21289843805447972,0.003083101473748684,1521.8692994423475,20.710990040459414,6.161955809636709,10
461,(t>>8)&(((t>>11)&(t+(t*10)))|(((t|11)&9)^((t*(t^4))^6))),62.2376341157059,121.56915701690296,0.0006557084618422931,0.0009386452729813755,1218.6447416961294,20.140260450656765,6.0155584464032446,0
462,(t>>8)&(((t>>11)&(t+(t*10)))|(((t|11)&9)^((t*(t^4))^6))),175.86491538168653,243.24733065647814,0.15633176018526027,0.011213796213269234,1262.6539830417469,24.959976678074163,9.98981203131713,15
463,(t>>8)&(((t>>11)&(t+(t*10)))|(((t|11)&9)^((t*(t^4))^6))),139.46888448835364,285.7683775972694,0.008017930498057088,0.0030339681543409824,1007.3020357816172,27.91227213783852,8.011331956402291,30
464,(t>>8)&(((t>>11)&(t+(t*10)))|(((t|11)&9)^((t*(t^4))^6))),104.09797747949699,260.1099962473405,0.000275353793714981,0.0011580846039578319,1307.6370751762481,20.506137062045905,7.158092229960247,0
465,(t>>8)&(((t>>11)&(t+(t*10)))|(((t|11)&9)^((t*(t^4))^6))),98.39125671286706,93.10529316644401,0.05075194735240178,0.02640347182750702,1231.8460200992015,20.14143792316757,4.445681385003515,10
466,(t>>8)&(((t>>11)&(t+(t*10)))|(((t|11)&9)^((t*(t^4))^6))),106.60047767290025,250.71989707330457,0.07867141885208555,0.0036059380508959293,1397.3553387518775,21.200169551715053,10.330833343967496,10
467,(t>>8)&(((t>>11)&(t+(t*10)))|(((t|11)&9)^((t*(t^4))^6))),81.67173258507582,289.99479950659065,0.002435193187101129,0.0012027214979752898,872.0661513883932,13.786865086496256,6.726701964615375,0
468,(t>>8)&(((t>>11)&(t+(t*10)))|(((t|11)&9)^((t*(t^4))^6))),108.22357544182226,257.9759459343702,0.17273130907391637,0.005541201215237379,1363.5084994373146,33.503972194932395,8.555310049494144,40
469,(t>>8)&(((t>>11)&(t+(t*10)))|(((t|11)&9)^((t*(t^4))^6))),416.208106295549,813.2802221008709,0.14047613056329408,0.0009582303464412689,1299.408225148744,39.385816082794605,8.835035541687924,0
470,(t>>8)&(((t>>11)&(t+(t*10)))|(((t|11)&9)^((t*(t^4))^6))),76.63227560260519,148.1519226768135,0.08820660291269296,0.0013235583901405334,1143.2152786230454,27.960743221938067,6.656923934373189,35
471,(t>>8)&(((t>>11)&(t+(t*10)))|(((t|11)&9)^((t*(t^4))^6))),152.4178623501896,12.449472123606716,0.018510012202393344,0.001569945365190506,1476.3027891607985,28.060310452963805,12.59066594694349,10
472,(t>>8)&(((t>>11)&(t+(t*10)))|(((t|11)&9)^((t*(t^4))^6))),142.08822470114075,353.1181154631395,0.009713622879904623,0.0012573802378028631,1302.2089710433356,25.877710059154637,6.377577704016645,0
473,(t>>8)&(((t>>11)&(t+(t*10)))|(((t|11)&9)^((t*(t^4))^6))),116.34938671915603,119.69007383606018,0.003617387691840933,0.0017686396604403853,1190.0492072402565,20.327629285332243,5.779676406578822,15
474,(t>>8)&(((t>>11)&(t+(t*10)))|(((t|11)&9)^((t*(t^4))^6))),82.04542843487172,42.5136471359218,0.030380514368230988,0.006187088787555695,1240.7934992969533,20.228531977494917,4.3763553096887975,20
475,(t>>8)&(((t>>11)&(t+(t*10)))|(((t|11)&9)^((t*(t^4))^6))),83.05949827410272,187.23633166003688,0.01173105235403326,0.0036539058201014996,1002.5550240820395,23.875318755804866,6.900406643711835,20
476,(t>>8)&(((t>>11)&(t+(t*10)))|(((t|11)&9)^((t*(t^4))^6))),121.51097415728712,127.5501777045001,0.14367945351361794,0.007891754619777203,1593.2156934537463,23.08495375406181,7.541714275643166,15
477,(t>>8)&(((t>>11)&(t+(t*10)))|(((t|11)&9)^((t*(t^4))^6))),93.83958774028332,56.93175222055189,0.01912743749766905,0.005160842090845108,1388.965856164539,22.696728919195145,3.231844135203933,10
478,(t>>8)&(((t>>11)&(t+(t*10)))|(((t|11)&9)^((t*(t^4))^6))),201.9887043978829,167.27920662397798,0.0,0.009716381318867207,1216.3618628037905,42.45972986049957,16.161544402287515,35
479,(t>>8)&(((t>>11)&(t+(t*10)))|(((t|11)&9)^((t*(t^4))^6))),79.05549310319542,92.83623630736999,0.0498293106905291,0.005697958171367645,1042.5234041252588,27.61463941914531,4.954088915920754,20
480,(t>>8)&(((t>>11)&(t+(t*10)))|(((t|11)&9)^((t*(t^4))^6))),91.28930923139887,105.72180933275521,0.054153288543404475,0.0065021519549191,1368.731751610031,69.19745485073439,34.703541727999664,10
481,(t>>8)&(((t>>11)&(t+(t*10)))|(((t|11)&9)^((t*(t^4))^6))),82.53679936872334,113.44333920936194,0.023777863952926734,0.007053362671285868,1400.1558574379599,18.31209190073836,4.253962599592672,0
482,(t>>8)&(((t>>11)&(t+(t*10)))|(((t|11)&9)^((t*(t^4))^6))),94.0939224801682,165.28913246031627,0.011331588559937008,0.004106589127331972,1052.1513812151925,27.760953088518054,7.087157187948261,35
483,(t>>8)&(((t>>11)&(t+(t*10)))|(((t|11)&9)^((t*(t^4))^6))),96.90457289323602,308.0283108879859,0.011900537325577835,0.004206233657896519,1029.0258568572813,28.518361604589742,19.2817853070137,10
484,(t>>8)&(((t>>11)&(t+(t*10)))|(((t|11)&9)^((t*(t^4))^6))),130.81508660276998,234.84536727701644,0.04284044017217029,0.09190356731414795,1021.9692563797599,40.53775440610201,29.87949741145882,55
485,(t>>8)&(((t>>11)&(t+(t*10)))|(((t|11)&9)^((t*(t^4))^6))),88.51021333306986,247.2254456385011,0.0025059302863716174,0.0011466022115200758,1251.244475683851,16.741990536306485,7.082094083009857,0
486,(t>>8)&(((t>>11)&(t+(t*10)))|(((t|11)&9)^((t*(t^4))^6))),120.40436550581003,140.8798721578405,0.0014274362583862252,0.008645192719995975,1177.9108757645506,20.98016424356977,4.98238922171303,5
487,(t>>8)&(((t>>11)&(t+(t*10)))|(((t|11)&9)^((t*(t^4))^6))),187.40548842823713,332.1592085303665,0.026860819900826054,0.002595172030851245,1013.4205567561244,26.430238783585533,6.278881235275396,30
488,(t>>8)&(((t>>11)&(t+(t*10)))|(((t|11)&9)^((t*(t^4))^6))),117.55474319172929,106.1531786712869,0.0,0.00546482065692544,1352.798565933411,54.172813229441054,21.32297787758607,15
489,(t>>8)&(((t>>11)&(t+(t*10)))|(((t|11)&9)^((t*(t^4))^6))),123.5636549131983,311.19868741627084,0.12181582575056946,0.0015500839799642563,1489.09218919121,20.859134197422335,10.08203436494147,20
490,(t>>8)&(((t>>11)&(t+(t*10)))|(((t|11)&9)^((t*(t^4))^6))),65.76934240292529,48.33449426794415,0.012254989373266753,0.02204757370054722,1289.5442451972917,18.97633235912074,4.76358319707364,5
491,(t>>8)&(((t>>11)&(t+(t*10)))|(((t|11)&9)^((t*(t^4))^6))),97.77562517037072,250.25247743762355,0.015022757446724848,0.0007679988048039377,1317.7267616846987,15.74232076879022,7.17951939620022,0
492,(t>>8)&(((t>>11)&(t+(t*10)))|(((t|11)&9)^((t*(t^4))^6))),74.33291760896046,17.648175715758974,0.009656090929200237,0.0017733582062646747,1637.095448476791,27.480793487866908,10.120862578300267,0
493,(t>>8)&(((t>>11)&(t+(t*10)))|(((t|11)&9)^((t*(t^4))^6))),98.48456818161294,257.4144937410109,0.015022757446724848,0.0007690900820307434,1317.5020058473362,15.753740410212668,7.186788129729137,0
494,(t>>8)&(((t>>11)&(t+(t*10)))|(((t|11)&9)^((t*(t^4))^6))),369.511990951761,728.6859056016539,0.0,0.05285835638642311,1268.3911484420694,14.743123228306644,5.512329045161521,30
495,(t>>8)&(((t>>11)&(t+(t*10)))|(((t|11)&9)^((t*(t^4))^6))),155.94701410978527,162.47572832141702,0.0648946639855686,0.03449627757072449,1235.6431505722996,20.253969965794674,4.056160509293789,10
496,(t>>8)&(((t>>11)&(t+(t*10)))|(((t|11)&9)^((t*(t^4))^6))),111.01719325940353,22.32837341343171,0.018508742792804234,0.003085908479988575,1027.7364485451637,18.82356711092634,5.685104451740775,5
497,(t>>8)&(((t>>11)&(t+(t*10)))|(((t|11)&9)^((t*(t^4))^6))),163.14716250016525,283.40088243086274,0.015517459754500668,0.009816114790737629,1030.7504286388219,28.435745620123168,8.211466969819789,15
498,(t>>8)&(((t>>11)&(t+(t*10)))|(((t|11)&9)^((t*(t^4))^6))),119.16156389302343,20.651821361701003,0.004465198778562716,0.003617516253143549,1032.957979067634,18.55833460747037,5.661877172261976,5
499,(t>>8)&(((t>>11)&(t+(t*10)))|(((t|11)&9)^((t*(t^4))^6))),174.30986797682314,155.02843738632276,0.0,0.013472921214997768,1244.4363077726557,21.123301980728655,5.013703074543144,5
