expression,tempo,avg_cent,std_cent,avg_rolloff,std_rolloff,avg_zcross,std_zcross,avg_flt,std_flt,avg_bw,avg_ctr,std_ctr,cont_rating
(t>>8)&(((t>>11)&(t+(t*10)))|(((t|11)&9)^((t*(t^4))^6))),0,1421.697521,19.04901512,2504.439299,6.771270778,0.623012518,0.018510012,4.81E-06,6.77E-05,1346.582751,89.02342985,29.5249121,0
(t>>8)&(((t>>11)&(t+(t*10)))|(((t|11)&9)^((t*(t^4))^6))),0,1797.760567,123.7629587,3309.909715,110.2966311,0.498658007,0.056105091,0.080753542,0.012509308,1247.929395,19.27722754,6.044783639,5
(t>>8)&(((t>>11)&(t+(t*10)))|(((t|11)&9)^((t*(t^4))^6))),0,1793.711222,109.706648,3312.150187,101.7360154,0.498456032,0.015501034,0.058042418,0.001380685,1256.296637,25.695953,9.57791134,5
(t>>8)&(((t>>11)&(t+(t*10)))|(((t|11)&9)^((t*(t^4))^6))),0,904.0237197,73.80200127,2301.714086,205.1039829,0.030035023,0.003914257,0.011143333,0.002382222,1098.54084,17.82378154,5.596369155,10
(t>>8)&(((t>>11)&(t+(t*10)))|(((t|11)&9)^((t*(t^4))^6))),0,1180.065108,113.5277475,2695.6873,154.7949014,0.127081182,0.045806333,0.016273955,0.002990974,1164.376975,21.61721114,4.126512377,60
(t>>8)&(((t>>11)&(t+(t*10)))|(((t|11)&9)^((t*(t^4))^6))),58.59375,1179.359121,326.2902555,2632.520989,649.9706717,0.20571008,0.124355246,0.003236303,0.003018753,1213.7137,38.24914813,25.42096891,45
(t>>8)&(((t>>11)&(t+(t*10)))|(((t|11)&9)^((t*(t^4))^6))),14.6484375,1000.655447,425.4570136,2652.685235,1193.67,0.317499417,0.245964578,0.010781012,0.102691635,1164.140234,44.01143499,31.78837282,10
(t>>8)&(((t>>11)&(t+(t*10)))|(((t|11)&9)^((t*(t^4))^6))),14.6484375,1652.503217,141.9344498,3645.522388,104.9380375,0,0,0.000382663,0.001791817,1509.774956,71.98921619,15.20669271,10
(t>>8)&(((t>>11)&(t+(t*10)))|(((t|11)&9)^((t*(t^4))^6))),15.12096774,1232.778467,226.0337971,2700.334821,280.987964,0.12082202,0.062164397,0.009893698,0.010439523,1136.945673,53.28084447,34.62695695,90
(t>>8)&(((t>>11)&(t+(t*10)))|(((t|11)&9)^((t*(t^4))^6))),17.04545455,1587.033327,139.3958376,3346.048774,211.9661992,0.513927988,0.015296907,0.003114985,0.003188214,1334.982085,26.56743196,7.162047207,5
(t>>8)&(((t>>11)&(t+(t*10)))|(((t|11)&9)^((t*(t^4))^6))),19.53125,1654.410539,110.4001933,3391.949294,73.1484627,0.325195313,0.037322697,0.071287766,0.015725249,1342.142014,19.40540163,3.561152588,5
(t>>8)&(((t>>11)&(t+(t*10)))|(((t|11)&9)^((t*(t^4))^6))),21.30681818,678.4748962,97.27563754,1689.882063,241.7578852,0.01163442,0.00252956,0.001450334,0.001272727,991.1442127,27.14108572,10.40867291,0
(t>>8)&(((t>>11)&(t+(t*10)))|(((t|11)&9)^((t*(t^4))^6))),234.375,1726.148002,122.1362874,3310.309502,167.2346409,0.493394148,0.072948006,0.023120141,0.045925502,1281.687497,21.66456835,6.251656417,5
(t>>8)&(((t>>11)&(t+(t*10)))|(((t|11)&9)^((t*(t^4))^6))),28.40909091,1322.670147,196.1744175,3059.684835,405.7179804,0.302219025,0.088280537,0.006896952,0.001684223,1304.748677,22.86104031,6.079627409,15
(t>>8)&(((t>>11)&(t+(t*10)))|(((t|11)&9)^((t*(t^4))^6))),29.296875,1514.105372,97.83025931,3200.226546,3.4117969,0.716281525,0.189649829,0.000517972,0.002372683,1417.476738,23.99747642,15.22608699,5
(t>>8)&(((t>>11)&(t+(t*10)))|(((t|11)&9)^((t*(t^4))^6))),29.296875,1704.468748,107.3691887,3544.576226,176.9543539,0,0,0.000747591,0.002525788,1433.890819,66.24577023,18.25099036,10
(t>>8)&(((t>>11)&(t+(t*10)))|(((t|11)&9)^((t*(t^4))^6))),29.296875,1594.651726,103.744296,3257.204491,154.9725017,0.253852112,0.062121026,0.015208774,0.009055636,1301.061704,30.60406824,17.53760259,10
(t>>8)&(((t>>11)&(t+(t*10)))|(((t|11)&9)^((t*(t^4))^6))),156.25,1558.649494,108.6095492,3191.606143,147.70767,0,0,0.213450387,0.049258199,1255.216459,15.49404607,3.784620878,15
(t>>8)&(((t>>11)&(t+(t*10)))|(((t|11)&9)^((t*(t^4))^6))),29.296875,690.485654,101.6336875,1573.127665,200.2276989,0.0472498,0.053080228,0.000467484,0.001296796,997.7689201,67.66239377,27.32427077,15
(t>>8)&(((t>>11)&(t+(t*10)))|(((t|11)&9)^((t*(t^4))^6))),29.296875,1672.750896,118.267148,3334.804771,181.358057,0.446300515,0.063161746,0.020194832,0.006804022,1319.759578,22.4955888,5.321219539,20
(t>>8)&(((t>>11)&(t+(t*10)))|(((t|11)&9)^((t*(t^4))^6))),29.296875,800.3643226,167.9884869,1884.195096,245.2176732,0.068108467,0.057373924,0.00039067,0.000921748,1013.201069,79.38588802,27.50414006,20
(t>>8)&(((t>>11)&(t+(t*10)))|(((t|11)&9)^((t*(t^4))^6))),58.59375,1588.241936,156.9477656,3178.429837,238.2959537,0.50061842,0.264064246,0.004303628,0.002999884,1294.805962,31.50846572,19.92076327,45
(t>>8)&(((t>>11)&(t+(t*10)))|(((t|11)&9)^((t*(t^4))^6))),29.296875,1094.181858,129.7840659,2665.453425,177.7402587,0.095760386,0.058940553,0.001714089,0.002765909,1190.777708,67.52155786,33.63211353,50
(t>>8)&(((t>>11)&(t+(t*10)))|(((t|11)&9)^((t*(t^4))^6))),29.296875,1504.442,244.3435531,3056.319963,354.5461159,0.280418152,0.069832849,0.003374352,0.001951084,1258.957202,30.3408601,11.21708554,75
(t>>8)&(((t>>11)&(t+(t*10)))|(((t|11)&9)^((t*(t^4))^6))),29.296875,1588.228709,189.0953384,3193.122002,261.5522757,0.474537538,0.083738297,0.012031584,0.04678157,1275.694284,27.86322606,10.28568785,80
(t>>8)&(((t>>11)&(t+(t*10)))|(((t|11)&9)^((t*(t^4))^6))),29.296875,1551.029927,174.0384375,3215.843217,277.1855907,0.50233209,0.117101485,0.002589526,0.006853389,1308.916056,79.75126547,27.74413128,25
(t>>8)&(((t>>11)&(t+(t*10)))|(((t|11)&9)^((t*(t^4))^6))),30.24193548,1617.846287,246.347303,3460.054638,323.2227225,0.50788746,0.237575688,0.006676809,0.00662218,1431.523242,40.48303524,29.05758217,30
(t>>8)&(((t>>11)&(t+(t*10)))|(((t|11)&9)^((t*(t^4))^6))),117.1875,1642.800927,188.5974968,3325.251533,348.2873728,0,0,0.223009557,0.133442342,1278.821506,15.76051147,4.932712282,35
(t>>8)&(((t>>11)&(t+(t*10)))|(((t|11)&9)^((t*(t^4))^6))),66.96428571,1572.852411,288.0914486,3095.240872,401.3753692,0.360168327,0.12253025,0.025742088,0.045832731,1252.942942,22.90113168,5.407880887,40
(t>>8)&(((t>>11)&(t+(t*10)))|(((t|11)&9)^((t*(t^4))^6))),33.48214286,666.1209057,78.83586541,1714.477279,199.58789,0.022889875,0.016435874,0.001539494,0.001723699,999.2247908,22.85414162,6.000552631,65
(t>>8)&(((t>>11)&(t+(t*10)))|(((t|11)&9)^((t*(t^4))^6))),44.64285714,420.5127797,267.4690511,881.9879398,792.2482218,0.095849922,0.117147646,9.38E-05,0.000819837,771.3499988,34.4111168,18.83500207,10
(t>>8)&(((t>>11)&(t+(t*10)))|(((t|11)&9)^((t*(t^4))^6))),44.64285714,1409.169629,219.4298694,3061.250666,407.1915163,0.364073536,0.124320753,0.008677839,0.001743728,1300.701709,20.89393046,7.251819095,40
(t>>8)&(((t>>11)&(t+(t*10)))|(((t|11)&9)^((t*(t^4))^6))),49.34210526,1642.695067,161.315133,3257.620936,184.8716745,0.503612657,0.248817384,0.008987227,0.004385037,1289.9346,25.38849096,5.836243844,20
(t>>8)&(((t>>11)&(t+(t*10)))|(((t|11)&9)^((t*(t^4))^6))),234.375,1790.585487,127.2008278,3689.523921,144.3294257,0.447307269,0.159396271,0.015713427,0.010985161,1512.259065,22.45745554,5.539370235,25
(t>>8)&(((t>>11)&(t+(t*10)))|(((t|11)&9)^((t*(t^4))^6))),117.1875,1567.588018,440.966979,3030.641991,503.5328171,0.398198044,0.301821965,0.039404169,0.015320486,1214.488972,17.46642551,6.058000059,80
(t>>8)&(((t>>11)&(t+(t*10)))|(((t|11)&9)^((t*(t^4))^6))),58.59375,686.3580524,81.73604038,1749.675173,183.0498614,0.024770123,0.013074551,0.003334283,0.003668544,1002.227693,24.05240092,6.996672573,0
(t>>8)&(((t>>11)&(t+(t*10)))|(((t|11)&9)^((t*(t^4))^6))),58.59375,1021.846436,343.4687958,2636.04411,438.2252398,0.068166769,0.167552656,7.08E-05,0.000599316,1253.453883,70.01979069,33.39529008,0
(t>>8)&(((t>>11)&(t+(t*10)))|(((t|11)&9)^((t*(t^4))^6))),58.59375,846.8134185,726.7032111,1651.544176,1510.743345,0.092045701,0.11837694,0.000371236,0.002156846,1028.967946,52.40725903,33.34784197,0
(t>>8)&(((t>>11)&(t+(t*10)))|(((t|11)&9)^((t*(t^4))^6))),58.59375,1552.877409,154.5250233,3930.553705,37.46349916,0.490974605,0.02007656,0.000641225,0.0014761,1703.734255,57.46292815,21.67047401,5
(t>>8)&(((t>>11)&(t+(t*10)))|(((t|11)&9)^((t*(t^4))^6))),58.59375,1675.121438,156.7792291,3259.419976,211.0518816,0,0,0.10228619,0.022725727,1220.779584,20.4423971,4.065273945,5
(t>>8)&(((t>>11)&(t+(t*10)))|(((t|11)&9)^((t*(t^4))^6))),58.59375,1700.714468,75.81066499,3279.442631,85.47943898,0,0,0.01476384,0.002702188,1246.476708,26.40647993,4.524843974,5
(t>>8)&(((t>>11)&(t+(t*10)))|(((t|11)&9)^((t*(t^4))^6))),58.59375,609.2119354,128.8535196,1509.794776,405.1395876,0.010295551,0.009893228,0.002808651,0.002134315,1002.809506,15.55921974,6.815742559,5
(t>>8)&(((t>>11)&(t+(t*10)))|(((t|11)&9)^((t*(t^4))^6))),58.59375,460.3738721,88.91324706,1089.552239,310.0989468,0.024854453,0.006519691,0.000383778,0.000385077,876.9194133,25.02365558,7.594345764,10
(t>>8)&(((t>>11)&(t+(t*10)))|(((t|11)&9)^((t*(t^4))^6))),58.59375,1552.282416,99.28516266,3219.008196,78.70233915,0.422054071,0.043843611,0.00715554,0.005753952,1303.843412,26.52568576,4.835292615,10
(t>>8)&(((t>>11)&(t+(t*10)))|(((t|11)&9)^((t*(t^4))^6))),58.59375,1828.445168,93.99367027,3709.496602,140.1716386,0,0,0.029926049,0.006608604,1451.670872,23.52627463,3.403698335,10
(t>>8)&(((t>>11)&(t+(t*10)))|(((t|11)&9)^((t*(t^4))^6))),58.59375,1228.366334,83.29467618,2337.928105,153.0656076,0.244852745,0.021882861,0.016521808,0.008096781,1022.505342,23.7084236,5.825856389,10
(t>>8)&(((t>>11)&(t+(t*10)))|(((t|11)&9)^((t*(t^4))^6))),58.59375,1782.088239,126.2882587,3318.338553,162.9547096,0.437372984,0.054692251,0.048614394,0.011350949,1252.689132,22.79761729,3.442196132,10
(t>>8)&(((t>>11)&(t+(t*10)))|(((t|11)&9)^((t*(t^4))^6))),58.59375,682.9098981,76.53969834,1743.936567,177.2108718,0.013211704,0.005056778,0.002800128,0.00209556,1001.375718,23.6737132,6.487459212,10
(t>>8)&(((t>>11)&(t+(t*10)))|(((t|11)&9)^((t*(t^4))^6))),117.1875,655.1313828,112.1808118,1674.415312,255.789899,0.012127907,0.007092863,0.003299123,0.005665058,989.1506343,55.46710539,33.01915606,10
(t>>8)&(((t>>11)&(t+(t*10)))|(((t|11)&9)^((t*(t^4))^6))),58.59375,1768.564077,330.1572433,3194.521255,383.4703318,0.500324827,0.278532688,0.045129322,0.007766658,1215.377179,18.23711419,6.48548228,10
(t>>8)&(((t>>11)&(t+(t*10)))|(((t|11)&9)^((t*(t^4))^6))),58.59375,687.3064418,82.87221313,1751.282649,186.8904303,0.023562433,0.014119428,0.003335784,0.003605178,1002.545162,23.91740562,6.803554959,10
(t>>8)&(((t>>11)&(t+(t*10)))|(((t|11)&9)^((t*(t^4))^6))),58.59375,913.5830445,66.05232106,2987.931437,18.40718509,0,0,0.001133898,0.003237214,1043.181338,50.61967286,22.12894141,10
(t>>8)&(((t>>11)&(t+(t*10)))|(((t|11)&9)^((t*(t^4))^6))),58.59375,677.9194944,75.60727105,1721.315299,173.5036956,0.014475613,0.006120234,0.003158651,0.003463815,995.473535,23.91572575,6.889323564,10
(t>>8)&(((t>>11)&(t+(t*10)))|(((t|11)&9)^((t*(t^4))^6))),58.59375,684.1261635,76.37084625,1746.668443,172.6705412,0.023289662,0.009361186,0.003128142,0.003422333,1004.236489,23.83921715,6.773310314,10
(t>>8)&(((t>>11)&(t+(t*10)))|(((t|11)&9)^((t*(t^4))^6))),58.59375,445.5795556,92.54203786,1025.219883,333.6739237,0.009815598,0.004207917,0.000347819,0.000350138,862.9945944,24.87287177,7.547828356,10
(t>>8)&(((t>>11)&(t+(t*10)))|(((t|11)&9)^((t*(t^4))^6))),58.59375,682.8048851,79.06168993,1744.111474,184.4494742,0.013211704,0.005056778,0.002688094,0.002021312,1001.186538,23.69729054,6.606094226,10
(t>>8)&(((t>>11)&(t+(t*10)))|(((t|11)&9)^((t*(t^4))^6))),58.59375,687.5006609,83.05949827,1751.874001,187.2363317,0.02110541,0.011731052,0.00335769,0.003653906,1002.555024,23.87531876,6.900406644,10
(t>>8)&(((t>>11)&(t+(t*10)))|(((t|11)&9)^((t*(t^4))^6))),58.59375,687.3064418,82.87221313,1751.282649,186.8904303,0.023562433,0.014119428,0.003335784,0.003605178,1002.545162,23.91740562,6.803554959,10
(t>>8)&(((t>>11)&(t+(t*10)))|(((t|11)&9)^((t*(t^4))^6))),117.1875,1175.153596,254.0123741,2769.239739,546.7372105,0,0,0.09316951,0.172017753,1188.699041,16.75413237,3.917207763,10
(t>>8)&(((t>>11)&(t+(t*10)))|(((t|11)&9)^((t*(t^4))^6))),58.59375,1542.940294,78.9845004,3157.807503,104.0815723,0.167698061,0.038785492,0.020333756,0.003734796,1269.353683,21.57254345,5.850230308,15
(t>>8)&(((t>>11)&(t+(t*10)))|(((t|11)&9)^((t*(t^4))^6))),62.5,1589.375137,205.2388535,3256.854678,257.4822121,0.359898679,0.136163789,0.06129238,0.017178841,1281.270779,17.15881018,5.141792345,15
(t>>8)&(((t>>11)&(t+(t*10)))|(((t|11)&9)^((t*(t^4))^6))),58.59375,686.1022209,82.39616709,1750.016658,187.0702218,0.015441764,0.006583644,0.003382467,0.003649501,1002.069957,23.8120418,6.890809911,15
(t>>8)&(((t>>11)&(t+(t*10)))|(((t|11)&9)^((t*(t^4))^6))),62.5,1485.110659,265.9385146,3060.917511,409.4589665,0.355886236,0.115594087,0.015610092,0.003414209,1280.670141,18.50280284,7.671816361,15
(t>>8)&(((t>>11)&(t+(t*10)))|(((t|11)&9)^((t*(t^4))^6))),62.5,1485.110659,265.9385146,3060.917511,409.4589665,0.355886236,0.115594087,0.015610092,0.003414209,1280.670141,18.50280284,7.671816361,15
(t>>8)&(((t>>11)&(t+(t*10)))|(((t|11)&9)^((t*(t^4))^6))),58.59375,698.2009108,72.14597455,1790.386794,162.4421736,0.0225942,0.011934254,0.003476572,0.003141331,1013.045949,22.72048119,6.550567522,15
(t>>8)&(((t>>11)&(t+(t*10)))|(((t|11)&9)^((t*(t^4))^6))),58.59375,1778.708641,157.9249831,3486.773721,106.1608844,0,0,0.001635123,0.004548091,1415.925641,45.57242496,18.63892206,15
(t>>8)&(((t>>11)&(t+(t*10)))|(((t|11)&9)^((t*(t^4))^6))),58.59375,1685.669636,161.2779045,3429.354344,220.4022941,0.498133287,0.077729974,0.012227764,0.001901536,1436.291204,23.09082071,6.107324477,15
(t>>8)&(((t>>11)&(t+(t*10)))|(((t|11)&9)^((t*(t^4))^6))),58.59375,460.3738721,88.91324706,1089.552239,310.0989468,0.024854453,0.006519691,0.000383778,0.000385077,876.9194133,25.02365558,7.594345764,15
(t>>8)&(((t>>11)&(t+(t*10)))|(((t|11)&9)^((t*(t^4))^6))),58.59375,687.5006609,83.05949827,1751.874001,187.2363317,0.02110541,0.011731052,0.00335769,0.003653906,1002.555024,23.87531876,6.900406644,15
(t>>8)&(((t>>11)&(t+(t*10)))|(((t|11)&9)^((t*(t^4))^6))),58.59375,1074.098495,84.01796347,2237.689899,8.710865601,0.215030109,0.00883552,0.000825069,0.001791075,1022.838275,57.34613795,17.06638633,15
(t>>8)&(((t>>11)&(t+(t*10)))|(((t|11)&9)^((t*(t^4))^6))),58.59375,1572.790415,169.2114338,3586.6871,110.4121944,0.338746419,0.08950866,0.014278079,0.007011163,1488.516894,23.93483786,5.082294972,15
(t>>8)&(((t>>11)&(t+(t*10)))|(((t|11)&9)^((t*(t^4))^6))),58.59375,1140.719064,131.0281271,2665.595016,284.8287715,0.151951251,0.040229627,0.016629681,0.004516653,1203.328279,18.5402088,5.310765456,15
(t>>8)&(((t>>11)&(t+(t*10)))|(((t|11)&9)^((t*(t^4))^6))),58.59375,659.503256,94.05666822,1761.352279,326.8852162,0.008940024,0.002770054,0.000897214,0.001048651,1022.506354,33.0428362,20.56263822,15
(t>>8)&(((t>>11)&(t+(t*10)))|(((t|11)&9)^((t*(t^4))^6))),58.59375,1449.343238,157.9341252,3850.96282,71.33847887,0.268193422,0.077587572,0.003940997,0.00293824,1622.905301,23.56161502,6.302654802,15
(t>>8)&(((t>>11)&(t+(t*10)))|(((t|11)&9)^((t*(t^4))^6))),58.59375,1210.153952,151.1510395,2789.104144,154.2126877,0.097894665,0.035538495,0.008386166,0.008956599,1190.763944,25.33734511,7.113089969,15
(t>>8)&(((t>>11)&(t+(t*10)))|(((t|11)&9)^((t*(t^4))^6))),58.59375,1709.106251,272.3171593,3176.60581,302.811789,0.404772663,0.057756386,0.14349784,0.025166254,1219.551454,18.85812192,4.73392643,20
(t>>8)&(((t>>11)&(t+(t*10)))|(((t|11)&9)^((t*(t^4))^6))),58.59375,1773.012877,325.5614954,3199.168777,374.9899325,0.501581448,0.280425244,0.046154536,0.007803529,1215.059893,18.02245368,6.410766036,20
(t>>8)&(((t>>11)&(t+(t*10)))|(((t|11)&9)^((t*(t^4))^6))),58.59375,1470.514893,212.0430554,3242.662247,295.4189184,0.242835071,0.086584585,0.024003873,0.009838317,1328.667094,19.90576286,4.497655363,20
(t>>8)&(((t>>11)&(t+(t*10)))|(((t|11)&9)^((t*(t^4))^6))),58.59375,1698.629718,170.726745,3198.669043,191.3251291,0,0,0.084638759,0.029153451,1205.077558,21.17574712,3.303964556,20
(t>>8)&(((t>>11)&(t+(t*10)))|(((t|11)&9)^((t*(t^4))^6))),117.1875,635.3707214,99.47317975,1628.056703,215.2986933,0.011084713,0.009672055,0.000782922,0.001541073,975.5043853,61.60721622,30.00563539,20
(t>>8)&(((t>>11)&(t+(t*10)))|(((t|11)&9)^((t*(t^4))^6))),58.59375,1326.097749,112.6806681,2667.74387,66.84827897,0.268415179,0.181347433,0.008587613,0.004814715,1162.356956,23.79692122,6.555553661,20
(t>>8)&(((t>>11)&(t+(t*10)))|(((t|11)&9)^((t*(t^4))^6))),58.59375,1790.061358,163.8305265,3528.576426,82.36221033,0.51485666,0.033828582,0.012466526,0.008152375,1387.845203,22.90567541,9.562676199,20
(t>>8)&(((t>>11)&(t+(t*10)))|(((t|11)&9)^((t*(t^4))^6))),58.59375,1128.619934,138.3685858,2714.035848,179.94668,0.184645273,0.023432239,0.030583857,0.016138704,1182.68438,19.97759931,4.332469269,20
(t>>8)&(((t>>11)&(t+(t*10)))|(((t|11)&9)^((t*(t^4))^6))),58.59375,1670.815141,142.870823,3305.678638,211.5580771,0.495992762,0.062409231,0.008297728,0.008323928,1309.836556,41.13610163,30.24898658,20
(t>>8)&(((t>>11)&(t+(t*10)))|(((t|11)&9)^((t*(t^4))^6))),58.59375,1138.24423,141.357937,2075.751266,80.77362693,0.289646563,0.120884465,0.002023922,0.002596802,1015.061579,21.90564063,11.39045652,20
(t>>8)&(((t>>11)&(t+(t*10)))|(((t|11)&9)^((t*(t^4))^6))),58.59375,684.0424815,78.20196933,1752.731876,183.2737489,0.013211704,0.005056778,0.002610873,0.001963889,1004.334576,23.76932077,6.597991378,20
(t>>8)&(((t>>11)&(t+(t*10)))|(((t|11)&9)^((t*(t^4))^6))),58.59375,1111.877514,127.9779195,2368.070362,129.9225384,0.111643582,0.026550377,0.013101456,0.013049725,1037.177879,22.98877327,6.118957154,20
(t>>8)&(((t>>11)&(t+(t*10)))|(((t|11)&9)^((t*(t^4))^6))),117.1875,1130.740464,221.9020001,2643.615072,510.4830307,0,0,0.09185607,0.171881124,1153.214316,15.8484445,3.775920849,20
(t>>8)&(((t>>11)&(t+(t*10)))|(((t|11)&9)^((t*(t^4))^6))),58.59375,686.2806747,83.33684726,1747.326426,192.7066044,0.016689016,0.00794717,0.003355076,0.003619961,1002.913161,23.85661245,6.889473194,20
(t>>8)&(((t>>11)&(t+(t*10)))|(((t|11)&9)^((t*(t^4))^6))),58.59375,1772.090306,95.31381307,3411.388926,55.728022,0.50059031,0.027932404,0.064487748,0.054627959,1279.934365,23.09851463,5.543245049,20
(t>>8)&(((t>>11)&(t+(t*10)))|(((t|11)&9)^((t*(t^4))^6))),58.59375,1447.447839,81.26729297,3265.899853,63.77247497,0.371088544,0.077384662,0.003342823,0.004452221,1423.025013,46.07447684,18.84657229,20
(t>>8)&(((t>>11)&(t+(t*10)))|(((t|11)&9)^((t*(t^4))^6))),58.59375,1113.942261,169.7342088,2694.504598,399.6505666,0.080012535,0.019707477,0.015387832,0.009172861,1184.862858,20.45711221,4.895735613,25
(t>>8)&(((t>>11)&(t+(t*10)))|(((t|11)&9)^((t*(t^4))^6))),58.59375,1365.759485,153.9772821,2879.572561,226.348458,0,0,0.008963754,0.011597063,1208.445542,23.30561232,8.266064394,25
(t>>8)&(((t>>11)&(t+(t*10)))|(((t|11)&9)^((t*(t^4))^6))),58.59375,1203.267968,156.6773238,2781.358276,164.8864428,0.098355877,0.035831683,0.007688324,0.00767088,1188.153285,25.34149879,7.22555507,25
(t>>8)&(((t>>11)&(t+(t*10)))|(((t|11)&9)^((t*(t^4))^6))),117.1875,1165.597945,254.267425,2677.763526,476.2992898,0,0,0.045572173,0.031333629,1160.393607,18.80736017,5.422673505,25
(t>>8)&(((t>>11)&(t+(t*10)))|(((t|11)&9)^((t*(t^4))^6))),58.59375,460.3738721,88.91324706,1089.552239,310.0989468,0.024854453,0.006519691,0.000383778,0.000385077,876.9194133,25.02365558,7.594345764,30
(t>>8)&(((t>>11)&(t+(t*10)))|(((t|11)&9)^((t*(t^4))^6))),58.59375,1351.629815,134.9931634,3502.873467,96.7714137,0.145720199,0.0497549,0.006593194,0.008436007,1418.847557,29.24828923,7.516549498,30
(t>>8)&(((t>>11)&(t+(t*10)))|(((t|11)&9)^((t*(t^4))^6))),58.59375,1773.012877,325.5614954,3199.168777,374.9899325,0.501581448,0.280425244,0.046154536,0.007803529,1215.059893,18.02245368,6.410766036,30
(t>>8)&(((t>>11)&(t+(t*10)))|(((t|11)&9)^((t*(t^4))^6))),58.59375,832.57494,146.5209164,1986.390592,93.36488795,0.088463236,0.063584622,0.003229435,0.002366381,1017.595757,22.75048226,5.452794224,30
(t>>8)&(((t>>11)&(t+(t*10)))|(((t|11)&9)^((t*(t^4))^6))),58.59375,691.2175871,96.74344053,1831.448228,256.9211276,0.050998842,0.01679736,0.002186848,0.001976995,1031.483377,20.94756102,6.262777079,30
(t>>8)&(((t>>11)&(t+(t*10)))|(((t|11)&9)^((t*(t^4))^6))),58.59375,445.8849677,92.84826051,1026.161047,334.5904099,0.009815598,0.004207917,0.000350583,0.000359451,863.1993378,24.87267755,7.554141175,30
(t>>8)&(((t>>11)&(t+(t*10)))|(((t|11)&9)^((t*(t^4))^6))),58.59375,687.5006609,83.05949827,1751.874001,187.2363317,0.02110541,0.011731052,0.00335769,0.003653906,1002.555024,23.87531876,6.900406644,35
(t>>8)&(((t>>11)&(t+(t*10)))|(((t|11)&9)^((t*(t^4))^6))),58.59375,1701.923343,233.2045805,3561.52552,365.7346816,0.532116205,0.227163329,0.006766857,0.045956422,1466.463538,28.02041652,6.287787019,35
(t>>8)&(((t>>11)&(t+(t*10)))|(((t|11)&9)^((t*(t^4))^6))),58.59375,1655.3688,109.7542903,3294.16811,151.4880398,0.498448744,0.065877065,0.005820907,0.009849597,1309.749619,67.75485776,34.43363069,35
(t>>8)&(((t>>11)&(t+(t*10)))|(((t|11)&9)^((t*(t^4))^6))),58.59375,1676.574602,116.7227262,3256.529851,146.6087206,0.363769531,0.028643581,0.075898536,0.016873309,1270.811483,18.18006289,4.962273546,35
(t>>8)&(((t>>11)&(t+(t*10)))|(((t|11)&9)^((t*(t^4))^6))),58.59375,596.5139786,112.9050851,1535.389459,313.3076048,0.051810909,0.019320609,0.000312352,0.000382752,970.7266649,26.62170329,8.248085906,35
(t>>8)&(((t>>11)&(t+(t*10)))|(((t|11)&9)^((t*(t^4))^6))),58.59375,1059.382567,180.1424735,2442.039246,264.4307747,0.101085671,0.039975674,0.003316666,0.004864704,1130.10618,25.64465905,9.106128581,35
(t>>8)&(((t>>11)&(t+(t*10)))|(((t|11)&9)^((t*(t^4))^6))),58.59375,936.7662379,163.8176043,2451.317631,477.7308196,0.125558036,0.099141284,0.003998449,0.000776586,1042.547184,25.65697692,5.973560072,35
(t>>8)&(((t>>11)&(t+(t*10)))|(((t|11)&9)^((t*(t^4))^6))),58.59375,1677.521634,307.1463806,3143.681703,392.7041804,0.363115713,0.104997813,0.082712844,0.019300863,1232.127333,17.59618116,5.862478951,35
(t>>8)&(((t>>11)&(t+(t*10)))|(((t|11)&9)^((t*(t^4))^6))),58.59375,916.254546,137.7577282,2417.74387,434.8451214,0.12555283,0.09856801,0.00240785,0.00143322,1046.205966,27.08809726,5.896371905,35
(t>>8)&(((t>>11)&(t+(t*10)))|(((t|11)&9)^((t*(t^4))^6))),58.59375,902.5556231,88.36456908,2289.054171,175.3839755,0.144507304,0.030786009,0.001758889,0.001622022,1100.28888,36.18323841,23.3302091,35
(t>>8)&(((t>>11)&(t+(t*10)))|(((t|11)&9)^((t*(t^4))^6))),58.59375,1027.0877,189.0501444,2668.884928,557.8146359,0.110579566,0.080519472,0.001281821,0.000735834,1261.320871,25.88483533,6.892835306,40
(t>>8)&(((t>>11)&(t+(t*10)))|(((t|11)&9)^((t*(t^4))^6))),58.59375,1177.786349,86.31959027,2297.84948,23.96042084,0.175032691,0.051417432,0.017105363,0.004688626,1028.314241,22.37814817,5.270044813,40
(t>>8)&(((t>>11)&(t+(t*10)))|(((t|11)&9)^((t*(t^4))^6))),58.59375,1187.386963,145.3304023,2827.042244,188.0184478,0.080078125,0.023354999,0.022023806,0.014654721,1221.686801,20.01863775,5.500382392,40
(t>>8)&(((t>>11)&(t+(t*10)))|(((t|11)&9)^((t*(t^4))^6))),58.59375,550.388772,118.2884019,1332.889126,330.2002823,0.020640034,0.013065022,0.001778148,0.001632011,926.3738704,18.90766084,5.381804752,40
(t>>8)&(((t>>11)&(t+(t*10)))|(((t|11)&9)^((t*(t^4))^6))),117.1875,1447.750502,200.8972994,3020.938833,267.4616686,0.095152377,0.034505978,0.070903897,0.031563401,1234.849433,19.14235904,5.064924643,40
(t>>8)&(((t>>11)&(t+(t*10)))|(((t|11)&9)^((t*(t^4))^6))),58.59375,1773.012877,325.5614954,3199.168777,374.9899325,0.501581448,0.280425244,0.046154536,0.007803529,1215.059893,18.02245368,6.410766036,40
(t>>8)&(((t>>11)&(t+(t*10)))|(((t|11)&9)^((t*(t^4))^6))),58.59375,1032.558683,90.49008669,2362.806503,211.4726521,0.149748259,0.046986793,0.000821523,0.000969659,1066.358863,30.55581479,5.239944101,45
(t>>8)&(((t>>11)&(t+(t*10)))|(((t|11)&9)^((t*(t^4))^6))),58.59375,1717.07188,114.7667467,3312.316764,165.8383423,0,0,0.029726434,0.049320709,1212.139495,22.69222757,5.073816384,45
(t>>8)&(((t>>11)&(t+(t*10)))|(((t|11)&9)^((t*(t^4))^6))),58.59375,1101.138105,123.2232348,2502.748534,262.0980491,0.134816639,0.011745266,0.013196332,0.009182109,1108.099156,22.53866513,4.722474921,45
(t>>8)&(((t>>11)&(t+(t*10)))|(((t|11)&9)^((t*(t^4))^6))),58.59375,1586.105867,141.3184205,3341.04311,265.9727355,0.364127674,0.107141022,0.041427027,0.016733022,1314.0678,19.91220024,4.87421593,45
(t>>8)&(((t>>11)&(t+(t*10)))|(((t|11)&9)^((t*(t^4))^6))),117.1875,1563.857356,162.6512463,3160.814232,225.580845,0.214827092,0.125735317,0.026654422,0.010589257,1250.133711,21.99926461,5.90355297,45
(t>>8)&(((t>>11)&(t+(t*10)))|(((t|11)&9)^((t*(t^4))^6))),46.875,1885.243378,144.1461806,3294.284715,162.4449451,0,0,0.023177283,0.025822878,1161.024722,30.87375297,12.85507247,45
(t>>8)&(((t>>11)&(t+(t*10)))|(((t|11)&9)^((t*(t^4))^6))),58.59375,1109.463436,336.0501006,2523.204291,609.7994209,0,0,0.071214922,0.197937027,1094.580034,29.24199991,23.82585264,45
(t>>8)&(((t>>11)&(t+(t*10)))|(((t|11)&9)^((t*(t^4))^6))),58.59375,1057.986501,132.0546893,2115.796575,156.6581588,0.261789546,0.089204298,0.001611769,0.001653466,1028.62095,28.70492924,21.03273794,50
(t>>8)&(((t>>11)&(t+(t*10)))|(((t|11)&9)^((t*(t^4))^6))),58.59375,1607.981388,224.6465264,3101.629131,368.0281926,0.440410947,0.149540819,0.01557703,0.045916386,1231.117994,23.49512215,6.04445022,50
(t>>8)&(((t>>11)&(t+(t*10)))|(((t|11)&9)^((t*(t^4))^6))),62.5,1856.416036,73.79330036,3666.452892,160.9852034,0.548809385,0.045182074,0.03878101,0.028537149,1467.013697,22.90388554,6.200485415,50
(t>>8)&(((t>>11)&(t+(t*10)))|(((t|11)&9)^((t*(t^4))^6))),58.59375,1589.575236,252.5876435,3193.188633,322.9675718,0.362785681,0.115662049,0.054893255,0.012474533,1256.549396,18.93830287,4.967118692,50
(t>>8)&(((t>>11)&(t+(t*10)))|(((t|11)&9)^((t*(t^4))^6))),58.59375,772.6903094,148.9189842,1974.088819,375.0382988,0.249369086,0.159792233,0.006839787,0.046048634,1049.676546,20.6379922,7.45158601,50
(t>>8)&(((t>>11)&(t+(t*10)))|(((t|11)&9)^((t*(t^4))^6))),58.59375,1793.09961,177.1383401,3514.317364,329.2893974,0.49444463,0.120567589,0.002031799,0.001518826,1423.602512,25.04021652,10.91714805,60
(t>>8)&(((t>>11)&(t+(t*10)))|(((t|11)&9)^((t*(t^4))^6))),58.59375,1747.209836,81.35309555,3309.951359,94.65802393,0.501651203,0.133146072,0.021049917,0.013576483,1273.054387,24.61755142,5.770276889,60
(t>>8)&(((t>>11)&(t+(t*10)))|(((t|11)&9)^((t*(t^4))^6))),58.59375,1723.861787,290.6635461,3624.108809,374.9339091,0.51155946,0.270112538,0.01406057,0.002670553,1511.259433,21.3281202,6.667883407,65
(t>>8)&(((t>>11)&(t+(t*10)))|(((t|11)&9)^((t*(t^4))^6))),58.59375,756.9634374,110.1429898,1943.546775,272.4228344,0,0,0.007462174,0.002072126,1040.918267,19.00108428,4.17480517,65
(t>>8)&(((t>>11)&(t+(t*10)))|(((t|11)&9)^((t*(t^4))^6))),58.59375,1770.252309,139.3729327,3310.675973,164.6163029,0.364849164,0.148449599,0.053941578,0.015453684,1247.470192,19.13843976,5.840437899,70
(t>>8)&(((t>>11)&(t+(t*10)))|(((t|11)&9)^((t*(t^4))^6))),58.59375,1615.781545,276.5312601,3104.71915,282.0046453,0.285348856,0.173146448,0.035739999,0.013673296,1199.829504,19.79877678,6.425655165,70
(t>>8)&(((t>>11)&(t+(t*10)))|(((t|11)&9)^((t*(t^4))^6))),58.59375,1607.864594,239.7512818,3168.052039,295.1945911,0.392556262,0.128080766,0.01847858,0.009622322,1242.505718,31.88239717,23.21842995,70
(t>>8)&(((t>>11)&(t+(t*10)))|(((t|11)&9)^((t*(t^4))^6))),85.22727273,999.7897634,170.5789743,2448.594083,331.9134491,0.099983134,0.03821567,0.011679031,0.008623184,1132.449256,20.37289404,9.429473499,70
(t>>8)&(((t>>11)&(t+(t*10)))|(((t|11)&9)^((t*(t^4))^6))),58.59375,1520.623243,405.1188438,3086.370602,685.3915505,0.483708689,0.245641052,0.015449864,0.112130731,1268.361649,38.49528264,28.09195653,70
(t>>8)&(((t>>11)&(t+(t*10)))|(((t|11)&9)^((t*(t^4))^6))),58.59375,1628.873215,240.5511209,3196.670109,327.6613456,0.496264492,0.234560568,0.008377556,0.045918509,1277.766668,24.6913539,6.499692778,70
(t>>8)&(((t>>11)&(t+(t*10)))|(((t|11)&9)^((t*(t^4))^6))),58.59375,1205.327298,264.2073752,2686.908649,411.1365887,0.12013801,0.067955005,0.006817083,0.04604568,1160.425805,32.02617819,21.39170704,75
(t>>8)&(((t>>11)&(t+(t*10)))|(((t|11)&9)^((t*(t^4))^6))),58.59375,1521.546882,48.5442985,3091.49287,64.01885225,0.224317864,0.015973765,0.018035727,0.009292944,1219.125774,24.1459787,5.823902261,75
(t>>8)&(((t>>11)&(t+(t*10)))|(((t|11)&9)^((t*(t^4))^6))),58.59375,1628.307105,394.3893829,2943.88826,490.1183343,0.476400087,0.21333973,0.005656304,0.046001401,1227.886075,24.26058487,6.560186337,80
(t>>8)&(((t>>11)&(t+(t*10)))|(((t|11)&9)^((t*(t^4))^6))),78.125,560.7165008,156.1357628,1448.219283,465.9210684,0.015022196,0.035745413,0.00053433,0.001217376,961.2077973,23.14640519,7.819312532,85
(t>>8)&(((t>>11)&(t+(t*10)))|(((t|11)&9)^((t*(t^4))^6))),58.59375,800.1715742,283.1661426,1902.060568,587.1636052,0.064830007,0.08915397,0.002213389,0.003713525,1014.400335,27.12456754,6.718334847,85
(t>>8)&(((t>>11)&(t+(t*10)))|(((t|11)&9)^((t*(t^4))^6))),117.1875,1610.184582,342.5700106,3071.878332,363.22857,0.497932353,0.192664589,0.003027898,0.002199562,1246.878201,32.21017353,22.86478721,90
(t>>8)&(((t>>11)&(t+(t*10)))|(((t|11)&9)^((t*(t^4))^6))),62.5,700.0409432,87.35585326,1788.079691,200.2670093,0.023555146,0.010350787,0.00397857,0.00354234,1008.478129,21.04260036,5.263844131,20
(t>>8)&(((t>>11)&(t+(t*10)))|(((t|11)&9)^((t*(t^4))^6))),29.296875,1318.387233,217.9978665,2902.526986,242.0123263,0.288782441,0.067239586,0.002514927,0.004645418,1185.759294,66.0529783,34.67755539,30
(t>>8)&(((t>>11)&(t+(t*10)))|(((t|11)&9)^((t*(t^4))^6))),117.1875,934.3611294,129.4127884,2508.420509,282.2019105,0.019359467,0.009252816,0.005486012,0.002837334,1182.629858,21.44299313,7.575289466,5
(t>>8)&(((t>>11)&(t+(t*10)))|(((t|11)&9)^((t*(t^4))^6))),66.96428571,1245.674493,77.88097986,2933.702026,133.609759,0.301957706,0.056282966,0.010053265,0.002132355,1274.630992,19.36663904,5.916064306,5
(t>>8)&(((t>>11)&(t+(t*10)))|(((t|11)&9)^((t*(t^4))^6))),66.96428571,1112.942754,58.30481004,2643.923241,151.9944585,0.128405475,0.029319681,0.012311155,0.002724261,1204.135216,19.82528405,4.486123391,15
(t>>8)&(((t>>11)&(t+(t*10)))|(((t|11)&9)^((t*(t^4))^6))),66.96428571,1622.503386,273.7220251,3516.949294,362.079009,0.483957514,0.287257304,0.008360557,0.004173081,1467.73842,23.87644836,5.406428461,25
(t>>8)&(((t>>11)&(t+(t*10)))|(((t|11)&9)^((t*(t^4))^6))),72.11538462,732.208053,94.93643883,1903.601413,197.2528537,0.02293152,0.013353271,0.003691049,0.003590799,1011.821495,20.80358565,5.589025035,20
(t>>8)&(((t>>11)&(t+(t*10)))|(((t|11)&9)^((t*(t^4))^6))),72.11538462,1195.445366,132.2894364,2361.332289,136.6833178,0.273688408,0.090183616,0.003115614,0.009444707,1027.603375,23.95713703,8.615265306,25
(t>>8)&(((t>>11)&(t+(t*10)))|(((t|11)&9)^((t*(t^4))^6))),117.1875,637.4371903,89.55922995,1669.626199,276.4696904,0.008484017,0.002128244,0.00101012,0.001773246,995.2696597,60.78446565,31.76420181,0
(t>>8)&(((t>>11)&(t+(t*10)))|(((t|11)&9)^((t*(t^4))^6))),55.14705882,1533.914804,319.36865,3177.605277,575.5191834,0.472557344,0.249947355,0.001510183,0.002347227,1332.572207,29.36379343,7.987189479,5
(t>>8)&(((t>>11)&(t+(t*10)))|(((t|11)&9)^((t*(t^4))^6))),78.125,1895.59675,104.9793354,3514.084155,11.15991866,0.440018448,0.01329371,0.013095571,0.007648185,1408.696492,25.64337789,4.871875557,5
(t>>8)&(((t>>11)&(t+(t*10)))|(((t|11)&9)^((t*(t^4))^6))),78.125,1593.435359,80.54170144,3102.728545,114.4702362,0,0,0.008497701,0.003630822,1210.215697,31.28389204,14.85920808,15
(t>>8)&(((t>>11)&(t+(t*10)))|(((t|11)&9)^((t*(t^4))^6))),78.125,705.2514087,119.1676362,1773.762327,269.2805881,0.030470208,0.010857343,0.004276887,0.004620676,1000.87987,22.03507123,5.654837736,15
(t>>8)&(((t>>11)&(t+(t*10)))|(((t|11)&9)^((t*(t^4))^6))),78.125,1220.81484,118.1382542,2468.350213,65.90464347,0.198564932,0.03780938,0.021338262,0.00527933,1023.129378,23.80368969,5.025705192,20
(t>>8)&(((t>>11)&(t+(t*10)))|(((t|11)&9)^((t*(t^4))^6))),78.125,470.6284771,74.52386031,1123.359208,251.602228,0.01508154,0.005252228,0.000547121,0.000336622,886.9948505,20.64526807,5.732285699,20
(t>>8)&(((t>>11)&(t+(t*10)))|(((t|11)&9)^((t*(t^4))^6))),78.125,1450.588873,95.7531191,2658.040712,178.0203649,0,0,0.041148707,0.080012843,996.9961856,35.17243777,24.94900151,30
(t>>8)&(((t>>11)&(t+(t*10)))|(((t|11)&9)^((t*(t^4))^6))),78.125,1683.331186,330.9424671,3152.04391,380.4488592,0.486531142,0.276954637,0.012698092,0.004721184,1240.815039,23.78355679,6.279468755,30
(t>>8)&(((t>>11)&(t+(t*10)))|(((t|11)&9)^((t*(t^4))^6))),85.22727273,1726.501151,149.3641088,3387.726546,53.2899568,0.498901627,0.096582115,0.020266933,0.003678393,1258.589545,19.90495887,6.409683068,0
(t>>8)&(((t>>11)&(t+(t*10)))|(((t|11)&9)^((t*(t^4))^6))),85.22727273,737.9976037,195.0548441,1871.293643,439.1224925,0.014243445,0.00958261,0.003879939,0.005495691,1032.899959,52.43288306,32.92169258,5
(t>>8)&(((t>>11)&(t+(t*10)))|(((t|11)&9)^((t*(t^4))^6))),85.22727273,1145.106008,117.0270541,2171.083755,132.0580324,0.260691173,0.032429617,0.003032318,0.00065566,1026.807015,21.71231811,9.733362549,10
(t>>8)&(((t>>11)&(t+(t*10)))|(((t|11)&9)^((t*(t^4))^6))),85.22727273,1339.602302,241.4722559,2993.01206,529.9594171,0.490021988,0.238751008,0.001122195,0.001874979,1309.951386,24.79329889,14.22571857,15
(t>>8)&(((t>>11)&(t+(t*10)))|(((t|11)&9)^((t*(t^4))^6))),85.22727273,742.2570825,75.19685736,1973.164312,106.9912131,0.062485424,0.008088641,0.001734972,0.000915718,1011.016301,21.2830839,5.430430955,15
(t>>8)&(((t>>11)&(t+(t*10)))|(((t|11)&9)^((t*(t^4))^6))),85.22727273,981.4139049,133.8839799,2064.748801,135.8248221,0.261825984,0.114959773,0.000912672,0.001743571,1025.714729,41.15126558,24.62517136,25
(t>>8)&(((t>>11)&(t+(t*10)))|(((t|11)&9)^((t*(t^4))^6))),85.22727273,1593.56051,132.2119509,3331.065099,189.4170634,0,0,0.055777892,0.045588948,1292.500461,21.31629658,4.957205162,60
(t>>8)&(((t>>11)&(t+(t*10)))|(((t|11)&9)^((t*(t^4))^6))),93.75,1665.74626,131.9814952,3545.425773,192.3212985,0.376328458,0.041919819,0.029717272,0.006215413,1448.79196,20.07501971,4.610005949,0
(t>>8)&(((t>>11)&(t+(t*10)))|(((t|11)&9)^((t*(t^4))^6))),93.75,740.6214645,112.4591338,1880.272188,245.3016041,0.047960879,0.012323259,0.009530018,0.007420539,1020.929805,18.98171123,4.461871355,0
(t>>8)&(((t>>11)&(t+(t*10)))|(((t|11)&9)^((t*(t^4))^6))),93.75,455.6466283,54.06308679,1072.336421,187.6650386,0.001559585,0.000198287,0.001598597,0.000947428,876.9639492,7.084280158,6.99840103,0
(t>>8)&(((t>>11)&(t+(t*10)))|(((t|11)&9)^((t*(t^4))^6))),93.75,1505.306052,114.2651316,3239.922042,135.5795196,0.343095141,0.064935302,0.031115921,0.006897317,1254.830088,21.35121777,3.983782087,5
(t>>8)&(((t>>11)&(t+(t*10)))|(((t|11)&9)^((t*(t^4))^6))),93.75,1438.909256,250.3640434,3121.535181,284.4835552,0.486916353,0.243945293,0.001517019,0.003470648,1364.219149,28.03632428,19.72552741,5
(t>>8)&(((t>>11)&(t+(t*10)))|(((t|11)&9)^((t*(t^4))^6))),93.75,1392.656354,219.9059554,3636.835354,684.5848498,0.522186084,0.230255128,0.000429823,0.001163664,1479.314978,21.97040492,17.24379447,20
(t>>8)&(((t>>11)&(t+(t*10)))|(((t|11)&9)^((t*(t^4))^6))),93.75,845.9920148,162.3375168,1977.337087,526.879088,0.127493462,0.064593171,0.005910126,0.029951775,1039.838298,51.16745026,22.99005866,50
(t>>8)&(((t>>11)&(t+(t*10)))|(((t|11)&9)^((t*(t^4))^6))),104.1666667,732.2763553,147.5168223,1840.943164,504.0993222,0.073404601,0.025008587,0.001739199,0.002004462,1003.138515,25.07486186,19.15918607,5
(t>>8)&(((t>>11)&(t+(t*10)))|(((t|11)&9)^((t*(t^4))^6))),104.1666667,478.8286918,68.73423463,1152.485341,238.7503046,0.016471424,0.006599675,0.000649345,0.00043382,892.731248,19.09776525,6.044570983,5
(t>>8)&(((t>>11)&(t+(t*10)))|(((t|11)&9)^((t*(t^4))^6))),104.1666667,1149.937916,63.02497753,2713.86927,141.5572688,0.085757388,0.005845442,0.034353204,0.009114251,1184.525992,15.67779539,4.08515136,5
(t>>8)&(((t>>11)&(t+(t*10)))|(((t|11)&9)^((t*(t^4))^6))),104.1666667,1650.714871,112.6091969,3385.119603,243.3553902,0.299049882,0.083110697,0.076171756,0.019680321,1317.329199,19.48368522,3.667402646,10
(t>>8)&(((t>>11)&(t+(t*10)))|(((t|11)&9)^((t*(t^4))^6))),104.1666667,846.9159491,78.8836804,2017.099214,440.6967364,0,0,0.002057708,0.004179401,1048.580656,42.12307968,24.18332624,10
(t>>8)&(((t>>11)&(t+(t*10)))|(((t|11)&9)^((t*(t^4))^6))),104.1666667,642.7902095,79.32514082,1569.48794,103.8540188,0.009075368,0.002001428,0.001526533,0.001432172,979.2639364,20.41718603,5.495749196,10
(t>>8)&(((t>>11)&(t+(t*10)))|(((t|11)&9)^((t*(t^4))^6))),104.1666667,1586.108849,284.2475821,3377.773521,458.3981185,0.599691623,0.235889431,0.000716377,0.002842519,1490.896301,24.83280143,14.54588524,15
(t>>8)&(((t>>11)&(t+(t*10)))|(((t|11)&9)^((t*(t^4))^6))),104.1666667,1148.596417,114.1420174,2184.110141,138.617733,0.262456898,0.018714212,0.003303323,0.000718523,1027.042178,22.56161037,9.112283041,20
(t>>8)&(((t>>11)&(t+(t*10)))|(((t|11)&9)^((t*(t^4))^6))),104.1666667,1441.454757,110.117214,3084.654851,77.27571612,0.389258021,0.011601059,0.00137898,0.00256027,1331.063109,48.6641788,22.37960549,20
(t>>8)&(((t>>11)&(t+(t*10)))|(((t|11)&9)^((t*(t^4))^6))),104.1666667,1172.240566,126.6321123,2319.546242,354.0631915,0,0,0.007323255,0.046421457,1042.402699,16.24587267,11.06775086,20
(t>>8)&(((t>>11)&(t+(t*10)))|(((t|11)&9)^((t*(t^4))^6))),104.1666667,1736.084236,103.0673638,3345.332489,47.39785486,0.536405584,0.075723947,0.00532556,0.002729885,1335.532987,21.97282447,8.170548429,35
(t>>8)&(((t>>11)&(t+(t*10)))|(((t|11)&9)^((t*(t^4))^6))),104.1666667,1087.738897,118.625935,2125.7496,96.17610458,0.270239206,0.068270384,0.001958711,0.001052396,1028.582625,20.27492911,9.346319877,40
(t>>8)&(((t>>11)&(t+(t*10)))|(((t|11)&9)^((t*(t^4))^6))),104.1666667,1261.659799,277.1491726,2713.752665,481.1760298,0.270174657,0.12970919,0.003333129,0.005571666,1229.820361,65.00418749,31.60209961,50
(t>>8)&(((t>>11)&(t+(t*10)))|(((t|11)&9)^((t*(t^4))^6))),187.5,1621.174982,258.4238837,3547.316431,316.7299863,0.540436767,0.246164241,0.00192863,0.002239109,1471.68633,30.51840507,6.941215158,55
(t>>8)&(((t>>11)&(t+(t*10)))|(((t|11)&9)^((t*(t^4))^6))),117.1875,440.6944951,131.7435669,1007.296109,456.6719985,0.001008837,0.000558209,0.002516972,0.002369601,850.6410101,9.25032806,6.873896713,0
(t>>8)&(((t>>11)&(t+(t*10)))|(((t|11)&9)^((t*(t^4))^6))),117.1875,775.9320941,129.6441865,2033.373867,181.6328426,0.065273521,0.004607706,0.002088665,0.003259133,1048.697034,58.47885014,34.71247677,0
(t>>8)&(((t>>11)&(t+(t*10)))|(((t|11)&9)^((t*(t^4))^6))),117.1875,1321.236156,97.77562517,2726.312633,250.2524774,0.496486249,0.015022757,0.006287913,0.000767999,1317.726762,15.74232077,7.179519396,0
(t>>8)&(((t>>11)&(t+(t*10)))|(((t|11)&9)^((t*(t^4))^6))),117.1875,388.2751958,165.9817346,849.5635661,538.1138975,0.000507021,0.000393961,0.002033486,0.002304817,792.2754204,9.91642371,7.578951727,0
(t>>8)&(((t>>11)&(t+(t*10)))|(((t|11)&9)^((t*(t^4))^6))),117.1875,1966.691888,63.62710336,3410.764259,62.39153595,0,0,0.534578681,0.070253201,1180.370921,13.87382914,2.752166837,0
(t>>8)&(((t>>11)&(t+(t*10)))|(((t|11)&9)^((t*(t^4))^6))),117.1875,472.0680946,37.34811324,1136.302305,121.2912885,0.001938549,0.000104744,0.001640836,0.000712026,888.9861904,8.762934412,7.544775776,0
(t>>8)&(((t>>11)&(t+(t*10)))|(((t|11)&9)^((t*(t^4))^6))),117.1875,1538.92865,131.4245677,3932.744203,31.08078637,0.4952036,0.014411831,0.001245004,0.00181863,1699.561706,45.97801948,24.61447472,0
(t>>8)&(((t>>11)&(t+(t*10)))|(((t|11)&9)^((t*(t^4))^6))),117.1875,894.3566195,154.8609173,2268.523454,349.7468227,0.062327176,0.001878191,0.00050834,0.000851561,1121.527307,60.08787614,28.5011025,0
(t>>8)&(((t>>11)&(t+(t*10)))|(((t|11)&9)^((t*(t^4))^6))),117.1875,1319.311372,98.01647636,2723.364206,254.8103493,0.494543535,0.014894292,0.006204789,0.000750638,1317.714632,15.74914057,7.186756469,0
(t>>8)&(((t>>11)&(t+(t*10)))|(((t|11)&9)^((t*(t^4))^6))),117.1875,1724.92229,66.70035478,3500,0.846028423,0.797567339,0.152852608,0.000172161,0.001030836,1410.826792,37.94801175,15.14504628,0
(t>>8)&(((t>>11)&(t+(t*10)))|(((t|11)&9)^((t*(t^4))^6))),117.1875,440.6944951,131.7435669,1007.296109,456.6719985,0.001008837,0.000558209,0.002516972,0.002369601,850.6410101,9.25032806,6.873896713,0
(t>>8)&(((t>>11)&(t+(t*10)))|(((t|11)&9)^((t*(t^4))^6))),117.1875,1321.236156,97.77562517,2726.312633,250.2524774,0.496486249,0.015022757,0.006287913,0.000767999,1317.726762,15.74232077,7.179519396,0
(t>>8)&(((t>>11)&(t+(t*10)))|(((t|11)&9)^((t*(t^4))^6))),117.1875,505.1531171,89.61908123,1232.634262,307.0303293,0.002857851,0.000417479,0.002022993,0.001567608,906.4480686,13.88386289,6.586428509,5
(t>>8)&(((t>>11)&(t+(t*10)))|(((t|11)&9)^((t*(t^4))^6))),117.1875,1797.600673,55.88420466,3290.245203,55.69231333,0.357364614,0.011146676,0.170211762,0.013732048,1221.811126,17.26097169,5.46831101,5
(t>>8)&(((t>>11)&(t+(t*10)))|(((t|11)&9)^((t*(t^4))^6))),117.1875,1864.026673,109.097716,3392.282449,395.5002342,0.623509128,0.021353788,0.004994757,0.002400225,1396.192395,21.09710868,8.458071833,5
(t>>8)&(((t>>11)&(t+(t*10)))|(((t|11)&9)^((t*(t^4))^6))),117.1875,1809.887148,127.7703029,3187.091884,162.0466082,0,0,0.043313082,0.0026299,1247.015363,23.26045179,4.748741831,5
(t>>8)&(((t>>11)&(t+(t*10)))|(((t|11)&9)^((t*(t^4))^6))),117.1875,1427.185918,102.4490772,3289.945362,304.1194335,0.332781891,0.008793532,0.011737509,0.001326081,1366.310958,20.3696518,5.124305384,5
(t>>8)&(((t>>11)&(t+(t*10)))|(((t|11)&9)^((t*(t^4))^6))),117.1875,670.5747629,128.737619,1698.036047,333.8347018,0.018593209,0.002611539,0.004218324,0.00387574,985.0813072,23.47362061,10.53995482,5
(t>>8)&(((t>>11)&(t+(t*10)))|(((t|11)&9)^((t*(t^4))^6))),117.1875,1887.243618,97.55818464,3517.673907,325.6894259,0,0,0.009633176,0.008264923,1345.792034,25.18435775,12.06164372,5
(t>>8)&(((t>>11)&(t+(t*10)))|(((t|11)&9)^((t*(t^4))^6))),117.1875,1496.95312,147.3861281,3366.546175,214.6318917,0.495406616,0.02327189,0.00471224,0.001408737,1461.80666,17.80621567,7.83781879,5
(t>>8)&(((t>>11)&(t+(t*10)))|(((t|11)&9)^((t*(t^4))^6))),117.1875,1135.039168,193.1780486,3531.982942,545.5192049,0.281898612,0.009875352,0.001832709,0.000250654,1523.577312,18.62746339,6.003246847,5
(t>>8)&(((t>>11)&(t+(t*10)))|(((t|11)&9)^((t*(t^4))^6))),117.1875,1347.676999,95.36622724,2792.06923,142.6086853,0.489728395,0.110039124,0.007413526,0.002822763,1213.525393,19.62985555,7.528431867,5
(t>>8)&(((t>>11)&(t+(t*10)))|(((t|11)&9)^((t*(t^4))^6))),117.1875,725.6128905,99.47800858,1944.03818,304.1126426,0.021291769,0.000846036,0.007172151,0.004434164,1045.916446,15.24831119,3.932646058,5
(t>>8)&(((t>>11)&(t+(t*10)))|(((t|11)&9)^((t*(t^4))^6))),117.1875,1037.971043,144.4438768,2359.874733,231.3728019,0.093165937,0.031940358,0.017660756,0.011149646,1106.057943,20.58990259,4.335265335,5
(t>>8)&(((t>>11)&(t+(t*10)))|(((t|11)&9)^((t*(t^4))^6))),117.1875,1446.031564,114.5622878,3660.447761,437.1005659,0.496504989,0.087265442,0.003723955,0.002165399,1488.05244,20.49365917,12.87925727,5
(t>>8)&(((t>>11)&(t+(t*10)))|(((t|11)&9)^((t*(t^4))^6))),117.1875,1571.617992,93.46939321,3372.717884,166.4255542,0.311303763,0.008775462,0.032039165,0.004184275,1334.356921,20.6217848,2.487333804,5
(t>>8)&(((t>>11)&(t+(t*10)))|(((t|11)&9)^((t*(t^4))^6))),117.1875,851.1587576,129.4450719,2572.394723,541.9285518,0.13200668,0.063387584,0.001459688,0.000974373,1178.780562,17.2133867,8.706078774,5
(t>>8)&(((t>>11)&(t+(t*10)))|(((t|11)&9)^((t*(t^4))^6))),117.1875,1229.185728,23.10445435,2958.838619,70.25384871,0.163232734,0.004401328,0.003940835,0.001051867,1357.409821,30.4937612,12.56705265,5
(t>>8)&(((t>>11)&(t+(t*10)))|(((t|11)&9)^((t*(t^4))^6))),117.1875,1459.947793,139.1368287,3738.381197,127.6656728,0.226488581,0.050562346,0.008116607,0.002807543,1517.923609,19.84119601,4.590754264,10
(t>>8)&(((t>>11)&(t+(t*10)))|(((t|11)&9)^((t*(t^4))^6))),117.1875,1340.862922,187.6942381,2459.388326,20.87996725,0,0,0.003129843,0.003461214,965.8427183,25.82465319,10.55726019,10
(t>>8)&(((t>>11)&(t+(t*10)))|(((t|11)&9)^((t*(t^4))^6))),117.1875,1223.453989,69.58498275,2242.454025,31.00112904,0.128660548,0.016754381,0.033229996,0.003895321,1016.701257,18.98361938,3.993245924,10
(t>>8)&(((t>>11)&(t+(t*10)))|(((t|11)&9)^((t*(t^4))^6))),117.1875,1771.306545,183.7567186,3389.533915,202.4818892,0.495674182,0.142467644,0.062824443,0.01436941,1288.855902,18.23891359,5.265425807,10
(t>>8)&(((t>>11)&(t+(t*10)))|(((t|11)&9)^((t*(t^4))^6))),117.1875,1318.328133,117.6328763,2428.912913,158.5459151,0.291520564,0.123699301,0.014525502,0.007664456,1023.572166,26.30577833,15.45810381,10
(t>>8)&(((t>>11)&(t+(t*10)))|(((t|11)&9)^((t*(t^4))^6))),78.125,1151.915957,121.7250696,2942.014259,50.57280413,0.238273962,0.00988105,0.006165792,0.009516159,1109.495727,63.46994374,33.62300289,10
(t>>8)&(((t>>11)&(t+(t*10)))|(((t|11)&9)^((t*(t^4))^6))),117.1875,1449.417322,93.97523241,3037.63826,25.28495009,0.495836595,0.074160339,0.008289396,0.002422424,1349.091043,17.53033182,7.276438894,10
(t>>8)&(((t>>11)&(t+(t*10)))|(((t|11)&9)^((t*(t^4))^6))),117.1875,501.8291261,97.78186499,1275.644656,375.660319,0.00243516,8.41E-05,0.00192517,0.001255855,898.8366278,10.30318592,7.545727417,10
(t>>8)&(((t>>11)&(t+(t*10)))|(((t|11)&9)^((t*(t^4))^6))),117.1875,1710.922281,98.31901224,3721.223681,118.7834042,0.49652477,0.014253148,0.018265275,0.001583128,1368.351157,18.13911198,5.838221009,10
(t>>8)&(((t>>11)&(t+(t*10)))|(((t|11)&9)^((t*(t^4))^6))),117.1875,370.7129241,298.1547704,656.8330224,965.8799644,0.013885303,0.060404072,0.000280945,0.001107793,840.8875816,21.89796339,11.37392252,10
(t>>8)&(((t>>11)&(t+(t*10)))|(((t|11)&9)^((t*(t^4))^6))),117.1875,1383.830495,128.1009497,3317.722215,165.805361,0.322593575,0.008995707,0.003562382,0.001759341,1378.640357,26.24337738,6.326747793,10
(t>>8)&(((t>>11)&(t+(t*10)))|(((t|11)&9)^((t*(t^4))^6))),117.1875,1108.798893,295.2041452,3044.326359,964.786649,0.445867412,0.239603619,6.64E-05,0.000311737,1392.921639,19.07959992,15.88604065,10
(t>>8)&(((t>>11)&(t+(t*10)))|(((t|11)&9)^((t*(t^4))^6))),117.1875,951.0304167,166.3255159,2261.71875,271.7492573,0.043505963,0.018804953,0.018196329,0.006278398,1084.149976,17.48721692,4.685440812,10
(t>>8)&(((t>>11)&(t+(t*10)))|(((t|11)&9)^((t*(t^4))^6))),117.1875,809.539567,95.77521534,2013.576093,246.182309,0.080401911,0.004885351,0.00248895,0.00123399,1083.175024,21.22981146,5.503335958,10
(t>>8)&(((t>>11)&(t+(t*10)))|(((t|11)&9)^((t*(t^4))^6))),117.1875,1633.048504,146.1700921,3207.739206,13.25667526,0.432530775,0.030050527,0.027983392,0.005652385,1278.890847,21.00086113,4.898675045,10
(t>>8)&(((t>>11)&(t+(t*10)))|(((t|11)&9)^((t*(t^4))^6))),117.1875,1088.00508,131.9464254,2599.255397,214.8746706,0.080707997,0.002857176,0.052109789,0.026142407,1155.478797,15.65872857,4.549522542,10
(t>>8)&(((t>>11)&(t+(t*10)))|(((t|11)&9)^((t*(t^4))^6))),117.1875,724.0562853,129.7042161,1942.68057,142.0951254,0.180226796,0.100014853,0.001183599,0.000650549,977.4040533,16.30042601,9.368378631,10
(t>>8)&(((t>>11)&(t+(t*10)))|(((t|11)&9)^((t*(t^4))^6))),117.1875,1720.963511,107.1715748,3084.829757,178.7820121,0,0,0.066336811,0.038951561,1119.627201,23.82243232,4.07783694,10
(t>>8)&(((t>>11)&(t+(t*10)))|(((t|11)&9)^((t*(t^4))^6))),117.1875,1658.554244,170.9723463,3034.789779,53.02067376,0.498245727,0.015286872,0.004197787,0.002407632,1343.804014,27.57821171,12.90038844,10
(t>>8)&(((t>>11)&(t+(t*10)))|(((t|11)&9)^((t*(t^4))^6))),117.1875,1405.114485,89.31358364,2937.291778,113.4412051,0.186448477,0.031288846,0.055454399,0.014600295,1200.737226,18.23010613,4.615914609,10
(t>>8)&(((t>>11)&(t+(t*10)))|(((t|11)&9)^((t*(t^4))^6))),117.1875,948.5626353,75.60529801,2979.444296,24.18405413,0,0,0.001804206,0.003129348,1047.877175,41.41489309,23.52945566,10
(t>>8)&(((t>>11)&(t+(t*10)))|(((t|11)&9)^((t*(t^4))^6))),117.1875,1454.787803,85.69983615,3305.728611,181.335373,0.346114364,0.066368224,0.019804515,0.00655614,1268.961849,25.14513076,3.781085959,10
(t>>8)&(((t>>11)&(t+(t*10)))|(((t|11)&9)^((t*(t^4))^6))),117.1875,436.4995107,82.09082135,994.8277585,298.4506089,0.001706382,0.000250296,0.000547046,0.000849777,858.4967884,29.84661685,17.19457968,10
(t>>8)&(((t>>11)&(t+(t*10)))|(((t|11)&9)^((t*(t^4))^6))),117.1875,1032.631219,132.4671615,2680.487074,499.1888482,0.374445088,0.076689203,0.001450491,0.00128166,1211.903565,29.54183559,28.32325075,15
(t>>8)&(((t>>11)&(t+(t*10)))|(((t|11)&9)^((t*(t^4))^6))),117.1875,1066.512368,106.2758777,2009.844749,16.76318433,0,0,0.001809396,0.003131956,1000.310495,38.66054607,24.48896455,15
(t>>8)&(((t>>11)&(t+(t*10)))|(((t|11)&9)^((t*(t^4))^6))),117.1875,1093.253318,58.78544486,2493.561767,49.68799153,0.390713494,0.022632154,0.006709395,0.003564766,1158.846933,20.14347861,7.510120562,15
(t>>8)&(((t>>11)&(t+(t*10)))|(((t|11)&9)^((t*(t^4))^6))),117.1875,1799.835222,70.41865119,3346.706756,27.66390045,0.372188999,0.035297833,0.176863909,0.020466598,1245.403103,17.55504877,4.189949727,15
(t>>8)&(((t>>11)&(t+(t*10)))|(((t|11)&9)^((t*(t^4))^6))),117.1875,1403.189785,141.4507479,3096.889992,308.6488293,0.189542661,0.048467769,0.015887603,0.009150933,1269.804981,27.25316621,9.116972927,15
(t>>8)&(((t>>11)&(t+(t*10)))|(((t|11)&9)^((t*(t^4))^6))),117.1875,1645.10127,261.9003262,3210.829224,521.5310206,0.385524595,0.178605512,0.000714234,0.003190918,1333.868969,26.16413315,14.87927504,15
(t>>8)&(((t>>11)&(t+(t*10)))|(((t|11)&9)^((t*(t^4))^6))),117.1875,1408.191969,132.119012,3114.388993,146.7581988,0.207755864,0.01091204,0.011045675,0.009112168,1291.607614,21.41053198,6.602447482,15
(t>>8)&(((t>>11)&(t+(t*10)))|(((t|11)&9)^((t*(t^4))^6))),117.1875,603.9654353,267.7021604,1497.276453,954.8102643,0.11857426,0.076200123,0.000712993,0.001395952,903.1031216,39.11000885,23.69861619,15
(t>>8)&(((t>>11)&(t+(t*10)))|(((t|11)&9)^((t*(t^4))^6))),117.1875,770.4336796,136.0957696,1973.322561,92.87771648,0.086410165,0.043984166,0.002645823,0.001309857,996.7121208,17.09180309,6.944369463,15
(t>>8)&(((t>>11)&(t+(t*10)))|(((t|11)&9)^((t*(t^4))^6))),117.1875,1121.799264,81.46383222,2543.560101,79.28375316,0,0,0.010065469,0.009792224,1112.434529,39.30458373,29.65939025,15
(t>>8)&(((t>>11)&(t+(t*10)))|(((t|11)&9)^((t*(t^4))^6))),117.1875,798.7438423,247.2995919,1982.442697,433.8413789,0.032057902,0.015516937,0.001427506,0.003653242,1052.763298,30.05277287,7.500379255,15
(t>>8)&(((t>>11)&(t+(t*10)))|(((t|11)&9)^((t*(t^4))^6))),117.1875,1255.363912,111.0547491,3089.518923,81.1529579,0.246330082,0.033145992,0.004701244,0.002157809,1296.012557,24.3691432,5.719569396,15
(t>>8)&(((t>>11)&(t+(t*10)))|(((t|11)&9)^((t*(t^4))^6))),117.1875,1700.294704,143.8074803,3349.038846,138.1681762,0,0,0.011001895,0.006079925,1282.618131,23.09736413,7.720347898,15
(t>>8)&(((t>>11)&(t+(t*10)))|(((t|11)&9)^((t*(t^4))^6))),117.1875,470.7291597,77.61677736,1118.395189,265.5456292,0.007037913,0.004605043,0.00126468,0.001176427,884.6687096,16.0335821,6.437726674,15
(t>>8)&(((t>>11)&(t+(t*10)))|(((t|11)&9)^((t*(t^4))^6))),117.1875,1566.250361,79.82755225,3207.805837,88.63949807,0.252236307,0.055326864,0.054485276,0.020353252,1250.819644,19.91669285,4.650810881,15
(t>>8)&(((t>>11)&(t+(t*10)))|(((t|11)&9)^((t*(t^4))^6))),117.1875,388.2751958,165.9817346,849.5635661,538.1138975,0.000507021,0.000393961,0.002033486,0.002304817,792.2754204,9.91642371,7.578951727,15
(t>>8)&(((t>>11)&(t+(t*10)))|(((t|11)&9)^((t*(t^4))^6))),66.96428571,889.6126753,121.4463259,2110.032982,467.1667697,0,0,0.002683005,0.003955894,1054.699549,36.15871408,22.64561948,15
(t>>8)&(((t>>11)&(t+(t*10)))|(((t|11)&9)^((t*(t^4))^6))),117.1875,964.5875265,172.2781155,2449.21875,286.8164537,0.129851579,0.030800522,0.001881437,0.001251851,1151.068849,24.43539448,6.066271376,20
(t>>8)&(((t>>11)&(t+(t*10)))|(((t|11)&9)^((t*(t^4))^6))),117.1875,1316.825388,220.9130499,3206.364939,305.1169017,0.475965943,0.17765878,0.001701312,0.003397508,1374.058879,36.83513815,13.38079889,20
(t>>8)&(((t>>11)&(t+(t*10)))|(((t|11)&9)^((t*(t^4))^6))),117.1875,1827.903263,145.9797381,3580.640325,210.0223859,0.564241779,0.07792169,0.018803257,0.007749281,1355.425787,21.44806332,6.208944116,20
(t>>8)&(((t>>11)&(t+(t*10)))|(((t|11)&9)^((t*(t^4))^6))),117.1875,1456.830572,236.628333,3123.65072,310.2082332,0,0,0.156723812,0.071767308,1199.366547,15.26760655,5.053754202,20
(t>>8)&(((t>>11)&(t+(t*10)))|(((t|11)&9)^((t*(t^4))^6))),117.1875,1898.383376,133.8411743,3325.351479,168.6200041,0,0,0.379735053,0.13383691,1154.998889,15.0536065,3.644544704,20
(t>>8)&(((t>>11)&(t+(t*10)))|(((t|11)&9)^((t*(t^4))^6))),117.1875,1695.584205,118.0556641,3500.008329,2.032693171,0.467084222,0.06345334,0.004371785,0.004750195,1383.694353,26.17722499,14.49269824,20
(t>>8)&(((t>>11)&(t+(t*10)))|(((t|11)&9)^((t*(t^4))^6))),117.1875,759.8252239,158.6018153,1992.495669,468.2062967,0.020325618,0.006864423,0.002392149,0.0035348,1065.586498,57.68729396,33.8049346,20
(t>>8)&(((t>>11)&(t+(t*10)))|(((t|11)&9)^((t*(t^4))^6))),117.1875,878.4694134,84.99466209,2214.660514,207.4820882,0.061711879,0.021885727,0.009726451,0.001694246,1051.861425,19.44104091,5.738219025,20
(t>>8)&(((t>>11)&(t+(t*10)))|(((t|11)&9)^((t*(t^4))^6))),117.1875,1553.437527,163.2559928,3011.144057,28.28182187,0.39780971,0.089271198,0.007140717,0.007854783,1232.815407,26.10443513,9.032871114,20
(t>>8)&(((t>>11)&(t+(t*10)))|(((t|11)&9)^((t*(t^4))^6))),117.1875,1284.5534,216.8123253,3019.023188,590.7293693,0.191925765,0.096805691,0.003840671,0.004122305,1315.658268,23.16082154,9.141934299,20
(t>>8)&(((t>>11)&(t+(t*10)))|(((t|11)&9)^((t*(t^4))^6))),117.1875,1361.784191,69.75385852,2954.141125,74.6574086,0.250594475,0.013732345,0.039725333,0.015177702,1229.96439,20.2579402,2.875541888,20
(t>>8)&(((t>>11)&(t+(t*10)))|(((t|11)&9)^((t*(t^4))^6))),117.1875,1844.729217,198.3563795,3660.497735,224.3735918,0,0,0.035779972,0.036828179,1446.8255,55.43512115,35.79569832,20
(t>>8)&(((t>>11)&(t+(t*10)))|(((t|11)&9)^((t*(t^4))^6))),117.1875,546.7973402,70.88665175,1376.640792,213.7793502,0.032675282,0.005887717,0.000565703,0.000405425,933.6018362,23.50413803,6.449389573,25
(t>>8)&(((t>>11)&(t+(t*10)))|(((t|11)&9)^((t*(t^4))^6))),117.1875,1041.600397,147.5190489,2594.982676,244.9809994,0.111942381,0.087766784,0.000965079,0.002983868,1190.911386,30.9430374,9.261963528,25
(t>>8)&(((t>>11)&(t+(t*10)))|(((t|11)&9)^((t*(t^4))^6))),117.1875,1063.287792,104.8887669,2558.168977,116.1469682,0.085472123,0.019556025,0.009329452,0.007050959,1144.068863,22.62573341,4.612467344,25
(t>>8)&(((t>>11)&(t+(t*10)))|(((t|11)&9)^((t*(t^4))^6))),117.1875,677.4071162,345.1482782,1827.208822,1060.409753,0.054527169,0.053756204,0.000120988,0.000593346,1082.296772,30.89803852,9.378599885,25
(t>>8)&(((t>>11)&(t+(t*10)))|(((t|11)&9)^((t*(t^4))^6))),117.1875,1744.054787,111.9232573,3330.223881,165.9477402,0.497160889,0.067983747,0.017744828,0.00245374,1272.16442,23.49371837,5.176761891,25
(t>>8)&(((t>>11)&(t+(t*10)))|(((t|11)&9)^((t*(t^4))^6))),117.1875,1689.14063,131.2596461,3217.708889,141.6055111,0,0,0.268151581,0.103210241,1208.975477,15.44738121,3.92691202,25
(t>>8)&(((t>>11)&(t+(t*10)))|(((t|11)&9)^((t*(t^4))^6))),234.375,694.3956022,151.4615507,1770.43077,307.6107526,0.022527569,0.020588331,0.000956423,0.002320426,1010.727982,26.66925535,7.714082401,25
(t>>8)&(((t>>11)&(t+(t*10)))|(((t|11)&9)^((t*(t^4))^6))),117.1875,1045.441861,291.1477267,2506.954624,498.7759891,0.10195604,0.064662857,0.003356566,0.046177585,1182.713261,26.90798327,12.43231665,25
(t>>8)&(((t>>11)&(t+(t*10)))|(((t|11)&9)^((t*(t^4))^6))),117.1875,1443.781753,115.2327739,3030.067297,175.9923076,0,0,0.104900397,0.055498987,1198.512884,20.79864247,4.012544531,25
(t>>8)&(((t>>11)&(t+(t*10)))|(((t|11)&9)^((t*(t^4))^6))),117.1875,633.4750877,78.57272287,1637.826493,207.5909088,0.05114668,0.01181613,0.000521872,0.000402082,988.8459058,25.13970969,6.433747822,25
(t>>8)&(((t>>11)&(t+(t*10)))|(((t|11)&9)^((t*(t^4))^6))),117.1875,625.0742529,229.2384189,1668.743337,681.4274606,0.238645639,0.139434111,8.82E-05,0.000765882,919.569713,58.03983568,34.08153195,25
(t>>8)&(((t>>11)&(t+(t*10)))|(((t|11)&9)^((t*(t^4))^6))),117.1875,1049.286632,69.61778294,2560.09295,161.4974682,0.173845824,0.023585978,0.007311523,0.003068816,1076.986725,23.17742341,5.119608705,25
(t>>8)&(((t>>11)&(t+(t*10)))|(((t|11)&9)^((t*(t^4))^6))),117.1875,1710.95212,93.80441564,3312.666578,157.9223564,0.371999517,0.168297734,0.003818337,0.015804844,1273.119457,35.36355614,10.42023694,25
(t>>8)&(((t>>11)&(t+(t*10)))|(((t|11)&9)^((t*(t^4))^6))),117.1875,1120.096452,58.22524253,2007.870802,10.49722517,0,0,0.001203065,0.002259201,1004.443575,15.24109443,12.61506478,25
(t>>8)&(((t>>11)&(t+(t*10)))|(((t|11)&9)^((t*(t^4))^6))),117.1875,1151.811286,196.5465333,2735.674307,480.5433356,0,0,0.047274619,0.028220063,1178.022505,18.10193991,4.829584522,30
(t>>8)&(((t>>11)&(t+(t*10)))|(((t|11)&9)^((t*(t^4))^6))),117.1875,1749.75249,111.3348161,3393.223614,166.0829473,0.415644989,0.134141781,0.005263606,0.015304994,1314.628444,36.87383117,10.89642598,30
(t>>8)&(((t>>11)&(t+(t*10)))|(((t|11)&9)^((t*(t^4))^6))),117.1875,1425.84815,457.7102922,3299.381996,603.0936035,0.403828375,0.203192349,0.000770521,0.002303063,1436.852375,43.26755105,27.35631206,30
(t>>8)&(((t>>11)&(t+(t*10)))|(((t|11)&9)^((t*(t^4))^6))),117.1875,1774.488582,150.2977762,3312.316764,191.5936406,0.499267058,0.106032167,0.031756025,0.005794645,1250.580653,22.26284424,5.202807906,30
(t>>8)&(((t>>11)&(t+(t*10)))|(((t|11)&9)^((t*(t^4))^6))),117.1875,744.9312531,209.1540708,1975.079957,748.758324,0.120843883,0.021689596,0.001247415,0.001359261,984.8542481,23.24806365,19.9431036,30
(t>>8)&(((t>>11)&(t+(t*10)))|(((t|11)&9)^((t*(t^4))^6))),117.1875,1238.913869,199.7363196,2862.889792,490.6555179,0,0,0.021939602,0.048851337,1211.312828,22.6887685,4.844970615,30
(t>>8)&(((t>>11)&(t+(t*10)))|(((t|11)&9)^((t*(t^4))^6))),117.1875,1622.1384,86.03055202,3239.222415,146.8016979,0,0,0.004468521,0.003550604,1241.304011,29.2551582,7.400643068,35
(t>>8)&(((t>>11)&(t+(t*10)))|(((t|11)&9)^((t*(t^4))^6))),117.1875,1522.385254,92.78738756,3204.041178,130.3573048,0.267121077,0.057839926,0.027542327,0.015868865,1294.927714,22.63802284,5.105200437,35
(t>>8)&(((t>>11)&(t+(t*10)))|(((t|11)&9)^((t*(t^4))^6))),117.1875,978.1228247,153.2229414,2506.013459,477.8030684,0.249036972,0.077327593,0.000458636,0.000379095,1234.697408,19.40759146,11.57687285,35
(t>>8)&(((t>>11)&(t+(t*10)))|(((t|11)&9)^((t*(t^4))^6))),117.1875,632.870445,237.1091508,1669.842751,600.6336268,0.020714994,0.032877919,0.001331841,0.001878968,1004.845638,19.39757411,8.52701851,35
(t>>8)&(((t>>11)&(t+(t*10)))|(((t|11)&9)^((t*(t^4))^6))),117.1875,1074.699405,282.2455274,2469.324693,331.5379037,0.23863731,0.069398129,0.003036081,0.006553238,1123.347773,32.11230113,8.434144997,35
(t>>8)&(((t>>11)&(t+(t*10)))|(((t|11)&9)^((t*(t^4))^6))),39.0625,970.6354524,255.1775472,2348.006063,473.7632894,0.061766016,0.028056773,0.003330253,0.003781457,1124.631101,29.54331893,8.688493498,35
(t>>8)&(((t>>11)&(t+(t*10)))|(((t|11)&9)^((t*(t^4))^6))),117.1875,1553.977087,163.7516228,3180.328825,358.1671077,0.351560418,0.035980984,0.020634769,0.046711892,1273.138713,23.93139859,5.164804412,35
(t>>8)&(((t>>11)&(t+(t*10)))|(((t|11)&9)^((t*(t^4))^6))),117.1875,676.0196334,145.2873453,1764.159115,320.8791735,0.011200277,0.00801793,0.00062906,0.001697692,1012.478321,30.23913063,7.095622616,40
(t>>8)&(((t>>11)&(t+(t*10)))|(((t|11)&9)^((t*(t^4))^6))),117.1875,1211.309564,315.8794315,2691.131397,573.0414038,0,0,0.107119143,0.11061389,1171.885505,13.82145573,5.302420127,40
(t>>8)&(((t>>11)&(t+(t*10)))|(((t|11)&9)^((t*(t^4))^6))),117.1875,1587.421047,438.0670542,2912.455024,509.856256,0.498644473,0.107359862,0.004248955,0.046084765,1232.831747,38.84664496,25.0995169,40
(t>>8)&(((t>>11)&(t+(t*10)))|(((t|11)&9)^((t*(t^4))^6))),117.1875,1156.056049,172.5785763,2770.822228,540.828103,0,0,0.056680009,0.030615866,1194.503993,15.74076947,5.090890896,45
(t>>8)&(((t>>11)&(t+(t*10)))|(((t|11)&9)^((t*(t^4))^6))),117.1875,1061.943926,285.8286359,2535.989139,470.1829014,0.105695712,0.072773006,0.001048359,0.002989905,1174.259033,37.69973844,16.83845262,45
(t>>8)&(((t>>11)&(t+(t*10)))|(((t|11)&9)^((t*(t^4))^6))),117.1875,1211.649743,251.2012091,2821.28698,586.4770141,0.308234567,0.180017545,0.008793941,0.004085254,1217.231701,25.87023871,19.43372223,45
(t>>8)&(((t>>11)&(t+(t*10)))|(((t|11)&9)^((t*(t^4))^6))),117.1875,1194.02484,205.8163072,2759.16178,521.3986706,0.083445079,0.046386044,0.007604974,0.008092792,1194.143392,38.06290765,23.39997487,45
(t>>8)&(((t>>11)&(t+(t*10)))|(((t|11)&9)^((t*(t^4))^6))),117.1875,1574.532758,250.5016839,3610.457756,369.6866984,0.273264676,0.078436359,0.016437108,0.01039819,1476.374846,22.4567391,5.227996163,45
(t>>8)&(((t>>11)&(t+(t*10)))|(((t|11)&9)^((t*(t^4))^6))),117.1875,1227.868713,100.9652263,2848.347548,202.0491906,0.503425257,0.099381537,0.006740267,0.008408039,1157.628996,39.611168,30.33272309,45
(t>>8)&(((t>>11)&(t+(t*10)))|(((t|11)&9)^((t*(t^4))^6))),117.1875,1539.518603,118.8141992,3077.775187,157.0709708,0.405208889,0.213536567,0.001433247,0.004043203,1292.547393,33.65494692,9.514538577,45
(t>>8)&(((t>>11)&(t+(t*10)))|(((t|11)&9)^((t*(t^4))^6))),117.1875,527.7229501,172.7766897,1305.628665,564.8639594,0.033429046,0.027288521,0.0002444,0.000482172,942.5237326,31.33790002,6.752399103,45
(t>>8)&(((t>>11)&(t+(t*10)))|(((t|11)&9)^((t*(t^4))^6))),117.1875,725.3667839,233.0990384,1780.033982,623.7486992,0.017896705,0.00454015,0.005480296,0.005334287,1008.651267,21.19919151,7.808211331,45
(t>>8)&(((t>>11)&(t+(t*10)))|(((t|11)&9)^((t*(t^4))^6))),117.1875,1507.876108,183.1895919,3193.804971,211.2044068,0.224557319,0.131791665,0.044456691,0.029334739,1288.317741,19.95765201,4.939812769,45
(t>>8)&(((t>>11)&(t+(t*10)))|(((t|11)&9)^((t*(t^4))^6))),117.1875,1735.974678,99.81129559,3483.117337,273.389687,0.400429146,0.061855713,0.043431837,0.020042716,1354.917065,20.81536689,4.527307602,49
(t>>8)&(((t>>11)&(t+(t*10)))|(((t|11)&9)^((t*(t^4))^6))),117.1875,1511.156358,197.4758336,3696.545176,153.255735,0.4989693,0.03257826,0.000881398,0.001556001,1550.558034,28.59224427,6.485323321,50
(t>>8)&(((t>>11)&(t+(t*10)))|(((t|11)&9)^((t*(t^4))^6))),117.1875,1743.097316,69.24535988,3388.018057,109.7465085,0.373367537,0.161786669,0.005659949,0.018273434,1310.005391,33.24893986,7.788009916,50
(t>>8)&(((t>>11)&(t+(t*10)))|(((t|11)&9)^((t*(t^4))^6))),117.1875,776.876968,269.5388673,1967.059235,659.5045532,0.138927988,0.070025482,0.072316691,0.251114041,993.7687993,33.52960525,28.51333355,50
(t>>8)&(((t>>11)&(t+(t*10)))|(((t|11)&9)^((t*(t^4))^6))),117.1875,694.040551,239.6363174,1772.629598,612.2560439,0.018708772,0.014448416,0.071529746,0.251284331,960.6543504,31.94538711,28.86380788,50
(t>>8)&(((t>>11)&(t+(t*10)))|(((t|11)&9)^((t*(t^4))^6))),78.125,750.856479,170.3567157,1894.714486,351.6235255,0.021239714,0.012420145,0.00703316,0.01667122,1025.630951,21.7967953,6.286742645,55
(t>>8)&(((t>>11)&(t+(t*10)))|(((t|11)&9)^((t*(t^4))^6))),117.1875,1459.905895,308.4903659,3013.167977,423.9769517,0.512127907,0.256898299,0.002052361,0.002204515,1274.259881,40.29023457,29.08402287,55
(t>>8)&(((t>>11)&(t+(t*10)))|(((t|11)&9)^((t*(t^4))^6))),117.1875,1092.764397,172.0677438,2622.66791,231.3202415,0.123363373,0.033216434,0.011531912,0.006563392,1113.168058,24.71381101,5.116490134,55
(t>>8)&(((t>>11)&(t+(t*10)))|(((t|11)&9)^((t*(t^4))^6))),117.1875,844.1601953,150.1910311,1978.244936,239.6196713,0.105246993,0.064202805,0.002960896,0.002100538,1024.258112,29.51472073,21.28651782,55
(t>>8)&(((t>>11)&(t+(t*10)))|(((t|11)&9)^((t*(t^4))^6))),117.1875,1173.650238,152.7289523,2774.345349,280.149455,0.090488198,0.034502853,0.016373126,0.019410701,1193.159101,36.20003822,21.96964407,60
(t>>8)&(((t>>11)&(t+(t*10)))|(((t|11)&9)^((t*(t^4))^6))),117.1875,884.8477782,273.7807254,2198.402519,535.8061935,0.093274212,0.092571526,0.000194079,0.00111361,1148.893793,35.24354451,11.28965279,60
(t>>8)&(((t>>11)&(t+(t*10)))|(((t|11)&9)^((t*(t^4))^6))),117.1875,1098.868369,396.7813815,2473.905584,723.741096,0.150792494,0.124540367,0.041645546,0.191524625,1119.369645,37.37860554,28.4583248,60
(t>>8)&(((t>>11)&(t+(t*10)))|(((t|11)&9)^((t*(t^4))^6))),117.1875,1852.070393,155.557403,3346.481876,173.814963,0,0,0.056056134,0.040095013,1205.5326,23.54113931,4.531457352,65
(t>>8)&(((t>>11)&(t+(t*10)))|(((t|11)&9)^((t*(t^4))^6))),117.1875,1075.60317,218.1412486,2548.52412,377.3610269,0.067520239,0.014654663,0.011994346,0.011144775,1155.442343,21.23673299,5.40116029,65
(t>>8)&(((t>>11)&(t+(t*10)))|(((t|11)&9)^((t*(t^4))^6))),117.1875,1595.693026,128.8170914,3090.701626,160.4993355,0,0,0.152136013,0.06939251,1190.071446,18.91252319,3.711473706,70
(t>>8)&(((t>>11)&(t+(t*10)))|(((t|11)&9)^((t*(t^4))^6))),58.59375,1278.182057,364.1979025,2885.286181,697.559936,0.278703441,0.192272874,0.021320924,0.120602332,1243.485545,24.60522572,6.465109703,70
(t>>8)&(((t>>11)&(t+(t*10)))|(((t|11)&9)^((t*(t^4))^6))),117.1875,1327.351287,334.7788858,2778.218284,409.7152358,0.207163471,0.112888367,0.010123455,0.002363978,1160.504087,22.88728847,5.683368461,70
(t>>8)&(((t>>11)&(t+(t*10)))|(((t|11)&9)^((t*(t^4))^6))),117.1875,1102.871878,392.4961076,2533.215618,753.8368591,0.203351962,0.147324959,0.041211963,0.19160457,1138.540304,37.55863254,27.98613019,70
(t>>8)&(((t>>11)&(t+(t*10)))|(((t|11)&9)^((t*(t^4))^6))),117.1875,421.9882676,74.71621166,950.8928571,282.4616071,0.009059751,0.005580754,0.000692295,0.000607705,861.2443797,17.11886954,7.480586791,70
(t>>8)&(((t>>11)&(t+(t*10)))|(((t|11)&9)^((t*(t^4))^6))),117.1875,1074.468222,176.0409494,2516.357942,281.497877,0.10223714,0.047491624,0.00658486,0.006775169,1153.633697,24.10346621,5.200971367,75
(t>>8)&(((t>>11)&(t+(t*10)))|(((t|11)&9)^((t*(t^4))^6))),117.1875,1508.351455,220.5641916,3128.789646,332.7282141,0.211566331,0.129012881,0.055532604,0.027134009,1259.920218,18.94599595,4.656941358,75
(t>>8)&(((t>>11)&(t+(t*10)))|(((t|11)&9)^((t*(t^4))^6))),117.1875,961.4411103,315.668685,2229.652519,515.3023287,0.151764892,0.120932928,0.010765363,0.046300206,1067.130675,20.93955132,7.631165545,80
(t>>8)&(((t>>11)&(t+(t*10)))|(((t|11)&9)^((t*(t^4))^6))),117.1875,1525.132985,501.7920027,2808.393857,558.2692883,0,0,0.003555683,0.003416975,1169.406106,41.27919131,26.96653774,80
(t>>8)&(((t>>11)&(t+(t*10)))|(((t|11)&9)^((t*(t^4))^6))),117.1875,947.7918997,480.7076023,2188.940898,1030.998796,0,0,0.182023689,0.371359885,950.3427938,34.76280618,28.76989085,80
(t>>8)&(((t>>11)&(t+(t*10)))|(((t|11)&9)^((t*(t^4))^6))),117.1875,1657.28113,348.4270263,3119.794443,481.7625606,0.4923749,0.217534947,0.006382022,0.045971517,1246.263802,25.48629153,6.898198599,80
(t>>8)&(((t>>11)&(t+(t*10)))|(((t|11)&9)^((t*(t^4))^6))),117.1875,1389.269223,356.0391737,2906.574827,550.113079,0.32082785,0.202873542,0.018426536,0.013566609,1213.601118,22.17566114,5.920592351,80
(t>>8)&(((t>>11)&(t+(t*10)))|(((t|11)&9)^((t*(t^4))^6))),117.1875,807.9597556,233.5256119,1978.561434,411.7479532,0.039725688,0.044232506,0.004171408,0.005157373,1021.963206,22.19511051,5.690725525,90
(t>>8)&(((t>>11)&(t+(t*10)))|(((t|11)&9)^((t*(t^4))^6))),117.1875,533.0536178,130.8261734,1386.310634,473.9200316,0.030724239,0.027483638,0.001065153,0.001168924,961.7781922,18.61628632,6.98241177,100
(t>>8)&(((t>>11)&(t+(t*10)))|(((t|11)&9)^((t*(t^4))^6))),117.1875,290.2543456,115.0487279,437.9664179,423.6149002,0.012175798,0.02392728,0.000232911,0.00046261,748.502045,19.21248195,10.69683355,100
(t>>8)&(((t>>11)&(t+(t*10)))|(((t|11)&9)^((t*(t^4))^6))),133.9285714,1607.618544,20.2768512,3652.293777,0.568198891,0.911438899,0.027075986,0.002147592,0.000484188,1404.614206,26.38587944,6.83452853,0
(t>>8)&(((t>>11)&(t+(t*10)))|(((t|11)&9)^((t*(t^4))^6))),133.9285714,1195.50273,106.3495096,2320.004331,93.61074875,0.271386511,0.060751658,0.002720005,0.001250082,1013.842196,25.73804152,8.039227122,0
(t>>8)&(((t>>11)&(t+(t*10)))|(((t|11)&9)^((t*(t^4))^6))),187.5,1596.231275,103.7565577,3514.525586,23.00092049,0.436011211,0.013797309,0.001281383,0.001635642,1500.188492,31.95314671,7.015727612,5
(t>>8)&(((t>>11)&(t+(t*10)))|(((t|11)&9)^((t*(t^4))^6))),133.9285714,1382.064785,100.8406236,3017.890458,52.2792582,0.422742246,0.090998552,0.002895123,0.001433493,1319.325413,21.66292809,8.256201341,5
(t>>8)&(((t>>11)&(t+(t*10)))|(((t|11)&9)^((t*(t^4))^6))),133.9285714,1690.822489,165.5008421,3305.337154,82.62521577,0.484275053,0.02785899,0.049906027,0.035338923,1282.508219,20.75259795,9.813923803,5
(t>>8)&(((t>>11)&(t+(t*10)))|(((t|11)&9)^((t*(t^4))^6))),133.9285714,1610.799621,242.223706,3127.357076,389.6410446,0,0,0.207384437,0.081839062,1231.912793,14.62620819,3.350964635,5
(t>>8)&(((t>>11)&(t+(t*10)))|(((t|11)&9)^((t*(t^4))^6))),133.9285714,1723.231178,122.012488,3481.543177,132.3852656,0.499320154,0.072295557,0.012401557,0.003699522,1326.691087,22.68211209,5.909285288,10
(t>>8)&(((t>>11)&(t+(t*10)))|(((t|11)&9)^((t*(t^4))^6))),93.75,1622.611162,187.3237164,3486.615472,298.6169136,0.343463694,0.08738091,0.021806261,0.045724224,1439.215324,21.52862839,4.953286763,10
(t>>8)&(((t>>11)&(t+(t*10)))|(((t|11)&9)^((t*(t^4))^6))),133.9285714,1783.265776,157.9801344,3313.990872,170.4318939,0.485948119,0.089485803,0.016446929,0.009120426,1269.64244,25.198524,4.977405723,15
(t>>8)&(((t>>11)&(t+(t*10)))|(((t|11)&9)^((t*(t^4))^6))),133.9285714,1718.793271,96.25805295,3760.827559,52.40802589,0.288300406,0.041380729,0.000647652,0.003044689,1529.071103,62.38941009,11.05691916,15
(t>>8)&(((t>>11)&(t+(t*10)))|(((t|11)&9)^((t*(t^4))^6))),133.9285714,1155.05548,135.3354929,2940.065299,107.4037742,0.143139284,0.064501485,0.00028914,0.00048996,1297.782676,48.10503301,26.99464004,20
(t>>8)&(((t>>11)&(t+(t*10)))|(((t|11)&9)^((t*(t^4))^6))),133.9285714,1319.20131,80.01044685,3036.905317,124.9622501,0.120580482,0.014526585,0.031687025,0.008332887,1259.218052,18.6526789,5.428325342,20
(t>>8)&(((t>>11)&(t+(t*10)))|(((t|11)&9)^((t*(t^4))^6))),156.25,1335.685811,169.6332327,3054.429304,114.7502401,0.125391458,0.074369334,0.001841005,0.007470964,1300.903726,41.77014799,9.078671121,20
(t>>8)&(((t>>11)&(t+(t*10)))|(((t|11)&9)^((t*(t^4))^6))),133.9285714,1572.344573,217.5719925,3376.732409,379.863411,0.475546375,0.161247806,0.002083208,0.001908292,1337.890858,29.53342194,16.0549943,25
(t>>8)&(((t>>11)&(t+(t*10)))|(((t|11)&9)^((t*(t^4))^6))),133.9285714,803.7161576,164.9883506,2107.834155,419.8909127,0.01806016,0.00654127,0.005166629,0.004152863,1090.567183,19.62308311,6.495624221,35
(t>>8)&(((t>>11)&(t+(t*10)))|(((t|11)&9)^((t*(t^4))^6))),133.9285714,536.5437854,192.621137,1244.836087,601.3230341,0.020303755,0.03682019,0.00050747,0.001505757,895.5504409,51.98909292,32.88576508,50
(t>>8)&(((t>>11)&(t+(t*10)))|(((t|11)&9)^((t*(t^4))^6))),133.9285714,1745.094341,304.5630814,3411.513859,453.9377865,0.488174016,0.234215535,0.026428459,0.006012767,1301.193332,18.5031525,5.112265395,60
(t>>8)&(((t>>11)&(t+(t*10)))|(((t|11)&9)^((t*(t^4))^6))),133.9285714,949.7777861,148.345457,2425.298174,209.2768163,0.053771322,0.039753317,0.001011074,0.001920642,1141.006257,31.40011597,7.912192285,65
(t>>8)&(((t>>11)&(t+(t*10)))|(((t|11)&9)^((t*(t^4))^6))),133.9285714,1149.08464,151.8825117,2684.668177,255.2275235,0.391178871,0.099758674,0.005912199,0.004785414,1160.171634,40.79893091,26.65396509,100
(t>>8)&(((t>>11)&(t+(t*10)))|(((t|11)&9)^((t*(t^4))^6))),156.25,1554.898612,125.7432244,3071.328625,96.7322465,0.325132846,0.05781868,0.031548202,0.00702885,1274.052455,19.78153814,5.751611818,5
(t>>8)&(((t>>11)&(t+(t*10)))|(((t|11)&9)^((t*(t^4))^6))),156.25,427.3534863,83.53095803,977.0788913,300.1852413,0.008950435,0.0037586,0.001258674,0.000941922,855.3344493,12.80960873,6.160386766,5
(t>>8)&(((t>>11)&(t+(t*10)))|(((t|11)&9)^((t*(t^4))^6))),117.1875,1691.688679,150.1838585,3368.936567,94.38190207,0.503155609,0.122307145,0.015115262,0.003444392,1275.623751,20.77247556,6.27784758,5
(t>>8)&(((t>>11)&(t+(t*10)))|(((t|11)&9)^((t*(t^4))^6))),156.25,1407.074491,98.90357868,3120.11927,102.5665838,0.233354711,0.078820349,0.014453995,0.00686336,1370.964321,18.59286801,7.119509394,10
(t>>8)&(((t>>11)&(t+(t*10)))|(((t|11)&9)^((t*(t^4))^6))),156.25,1848.919561,147.3969531,3332.422708,191.1367558,0.379209213,0.164824236,0.159179747,0.062198341,1220.988823,15.47582784,6.357071598,15
(t>>8)&(((t>>11)&(t+(t*10)))|(((t|11)&9)^((t*(t^4))^6))),156.25,1466.552945,95.45225084,2894.38133,137.0377681,0.278584755,0.102006451,0.009385753,0.014404105,1134.62298,27.01130593,5.498561255,35
(t>>8)&(((t>>11)&(t+(t*10)))|(((t|11)&9)^((t*(t^4))^6))),93.75,1593.606583,311.1932407,3435.492737,372.6933143,0.494153118,0.230223517,0.003769863,0.046076849,1445.940579,22.42079036,10.43948787,50
(t>>8)&(((t>>11)&(t+(t*10)))|(((t|11)&9)^((t*(t^4))^6))),156.25,1536.335834,128.2610079,3362.015259,219.7398458,0.339035848,0.16243193,0.004159141,0.010788714,1345.068078,29.8763672,8.82480144,60
(t>>8)&(((t>>11)&(t+(t*10)))|(((t|11)&9)^((t*(t^4))^6))),156.25,1546.008237,367.8388859,3040.103611,503.2804419,0.48530263,0.32038511,0.005519026,0.005719285,1275.58949,45.11831311,29.92464575,60
(t>>8)&(((t>>11)&(t+(t*10)))|(((t|11)&9)^((t*(t^4))^6))),156.25,1128.959699,170.877904,2230.660314,216.632833,0.271623884,0.112546914,0.00357583,0.046103008,1012.94809,22.32641943,10.64318512,65
(t>>8)&(((t>>11)&(t+(t*10)))|(((t|11)&9)^((t*(t^4))^6))),187.5,1741.212597,172.9268305,3267.615605,206.1802848,0.425226338,0.017070949,0.130370796,0.01492533,1240.91525,19.98194109,3.047322399,0
(t>>8)&(((t>>11)&(t+(t*10)))|(((t|11)&9)^((t*(t^4))^6))),187.5,957.2707879,47.31106624,2508.095682,145.8587369,0.017711387,0.000645272,0.006056087,0.000665082,1173.170631,19.85197678,8.637053421,0
(t>>8)&(((t>>11)&(t+(t*10)))|(((t|11)&9)^((t*(t^4))^6))),187.5,688.8477435,91.34169873,1780.517058,238.1877356,0.008952517,0.001445884,0.002418768,0.002016796,995.2510439,39.27823511,31.91562463,5
(t>>8)&(((t>>11)&(t+(t*10)))|(((t|11)&9)^((t*(t^4))^6))),187.5,1841.238956,148.3766207,3216.442897,176.1307529,0.50683802,0.082982258,0.021019258,0.001860467,1270.7982,21.67290892,6.143466158,5
(t>>8)&(((t>>11)&(t+(t*10)))|(((t|11)&9)^((t*(t^4))^6))),187.5,1072.021668,89.56218565,3308.577092,270.8027518,0.0308752,0.006149254,0.001134136,0.001418844,1394.57644,62.3443025,32.75258507,5
(t>>8)&(((t>>11)&(t+(t*10)))|(((t|11)&9)^((t*(t^4))^6))),187.5,871.7318568,111.2497919,2299.223747,343.0162005,0.030361932,0.00710768,0.000899447,0.001427567,1110.151025,65.11744059,35.87348275,5
(t>>8)&(((t>>11)&(t+(t*10)))|(((t|11)&9)^((t*(t^4))^6))),187.5,1346.398975,115.7527276,3509.986341,17.39626469,0.495607551,0.01465659,0.006349658,0.000768482,1479.505773,18.93532584,6.037495272,5
(t>>8)&(((t>>11)&(t+(t*10)))|(((t|11)&9)^((t*(t^4))^6))),187.5,1077.778793,149.0941847,2086.095749,29.75361382,0.247541936,0.149220623,0.003375819,0.001107316,1019.689203,24.73424875,6.354777132,5
(t>>8)&(((t>>11)&(t+(t*10)))|(((t|11)&9)^((t*(t^4))^6))),187.5,1437.33767,168.2758505,2827.775187,241.9906324,0.234138668,0.009858651,0.081031471,0.00666143,1106.055497,17.80600545,4.05227426,5
(t>>8)&(((t>>11)&(t+(t*10)))|(((t|11)&9)^((t*(t^4))^6))),187.5,1654.827469,195.0074409,3337.078558,251.2653258,0.496114572,0.082507666,0.014721319,0.001679108,1290.653869,19.96413454,6.788641291,10
(t>>8)&(((t>>11)&(t+(t*10)))|(((t|11)&9)^((t*(t^4))^6))),187.5,1044.512839,188.0642782,2839.902052,338.2573616,0.167467975,0.100045096,0.001020043,0.0007598,1326.217001,31.99556573,6.665438607,10
(t>>8)&(((t>>11)&(t+(t*10)))|(((t|11)&9)^((t*(t^4))^6))),58.59375,1242.385249,101.8374533,3099.313699,175.0049083,0.171474172,0.034125246,0.005298221,0.002775194,1307.255675,25.14774382,6.882488777,15
(t>>8)&(((t>>11)&(t+(t*10)))|(((t|11)&9)^((t*(t^4))^6))),187.5,1300.293411,135.828921,2500.516391,73.25617678,0.249674132,0.081795012,0.043312158,0.003567585,1000.086471,17.9911875,6.374756526,15
(t>>8)&(((t>>11)&(t+(t*10)))|(((t|11)&9)^((t*(t^4))^6))),187.5,1394.711344,266.6669922,2991.163046,537.0527202,0,0,0.141442567,0.096858054,1198.123739,14.17271684,5.124985784,20
(t>>8)&(((t>>11)&(t+(t*10)))|(((t|11)&9)^((t*(t^4))^6))),187.5,1083.646142,199.0711214,2971.765059,377.9888579,0.162635136,0.102875729,0.00104062,0.000808242,1354.657225,31.98946346,6.717492688,20
(t>>8)&(((t>>11)&(t+(t*10)))|(((t|11)&9)^((t*(t^4))^6))),187.5,1009.888515,111.8414707,2432.069563,204.8163788,0.093569888,0.008504548,0.00272491,0.002626191,1117.105591,38.52881745,21.50360989,20
(t>>8)&(((t>>11)&(t+(t*10)))|(((t|11)&9)^((t*(t^4))^6))),187.5,1012.593393,212.3031494,2387.868137,307.1146417,0.086533016,0.028763326,0.010623927,0.009765528,1109.736289,25.49203807,6.295366941,30
(t>>8)&(((t>>11)&(t+(t*10)))|(((t|11)&9)^((t*(t^4))^6))),187.5,759.4823277,181.2733656,1944.288046,352.1383295,0.019122093,0.015737647,0.002341114,0.003667237,1042.271526,24.82169008,7.315335327,30
(t>>8)&(((t>>11)&(t+(t*10)))|(((t|11)&9)^((t*(t^4))^6))),234.375,1037.618625,165.0980215,2427.630264,259.9219899,0.074891308,0.030647507,0.016069926,0.010644441,1109.57046,34.39172018,28.12125296,50
(t>>8)&(((t>>11)&(t+(t*10)))|(((t|11)&9)^((t*(t^4))^6))),187.5,1749.670062,59.6362996,3432.24447,169.5690907,0.458732426,0.028916,0.05960473,0.013957866,1323.706688,19.20505902,4.516653543,50
(t>>8)&(((t>>11)&(t+(t*10)))|(((t|11)&9)^((t*(t^4))^6))),187.5,1643.205529,174.562883,3395.73061,221.8808086,0.129170692,0.006423898,0.0103626,0.007524272,1351.555726,24.81912637,6.753100061,65
(t>>8)&(((t>>11)&(t+(t*10)))|(((t|11)&9)^((t*(t^4))^6))),58.59375,1258.802351,209.3249771,2715.476746,248.5929924,0.132863514,0.062376204,0.012497532,0.009104219,1140.452373,31.85032278,23.72941726,100
(t>>8)&(((t>>11)&(t+(t*10)))|(((t|11)&9)^((t*(t^4))^6))),234.375,1645.562033,141.2892432,3539.304038,203.5900212,0.383060285,0.061099472,0.024890397,0.00723304,1446.257522,21.07386803,4.933668964,5
(t>>8)&(((t>>11)&(t+(t*10)))|(((t|11)&9)^((t*(t^4))^6))),234.375,1499.578552,155.309612,3000.699627,70.97040177,0.442803422,0.057912538,0.008489103,0.001899015,1261.859745,20.62274162,7.695676432,5
(t>>8)&(((t>>11)&(t+(t*10)))|(((t|11)&9)^((t*(t^4))^6))),234.375,486.2784531,141.0452568,1237.065232,534.2622921,0.094489189,0.026996257,0.000221758,0.000379843,913.6470087,30.46795939,9.032126509,20
(t>>8)&(((t>>11)&(t+(t*10)))|(((t|11)&9)^((t*(t^4))^6))),234.375,710.6789613,180.5826749,1796.150386,340.5444668,0.022494253,0.022148833,0.0008455,0.002062683,1014.795177,29.83861822,9.218281334,25
(t>>8)&(((t>>11)&(t+(t*10)))|(((t|11)&9)^((t*(t^4))^6))),117.1875,1357.642361,217.9713422,2957.40605,404.6746544,0,0,0.082182311,0.062100511,1201.041061,20.94982821,5.198156892,25
(t>>8)&(((t>>11)&(t+(t*10)))|(((t|11)&9)^((t*(t^4))^6))),234.375,707.289392,148.3292774,1790.178571,291.8725446,0.022252715,0.018683349,0.001333864,0.00254295,1009.6322,28.66054246,8.712515582,30
(t>>8)&(((t>>11)&(t+(t*10)))|(((t|11)&9)^((t*(t^4))^6))),234.375,709.9147566,180.792474,1794.484608,341.2120255,0.022486965,0.022180436,0.000761869,0.001658265,1014.578159,29.83636907,9.260386896,30
(t>>8)&(((t>>11)&(t+(t*10)))|(((t|11)&9)^((t*(t^4))^6))),234.375,710.6789613,180.5826749,1796.150386,340.5444668,0.022494253,0.022148833,0.0008455,0.002062683,1014.795177,29.83861822,9.218281334,30
(t>>8)&(((t>>11)&(t+(t*10)))|(((t|11)&9)^((t*(t^4))^6))),234.375,1140.601903,199.4735933,2683.685368,196.0207327,0.090852587,0.052402299,0.003826863,0.006163989,1173.228145,26.79969416,8.82295014,35
(t>>8)&(((t>>11)&(t+(t*10)))|(((t|11)&9)^((t*(t^4))^6))),234.375,1787.991468,211.9675773,3256.105077,462.3438335,0,0,0.014227524,0.016135575,1261.198232,17.62459424,8.672579826,35
(t>>8)&(((t>>11)&(t+(t*10)))|(((t|11)&9)^((t*(t^4))^6))),234.375,1009.180965,194.2342852,2499.800107,238.7628676,0.056117987,0.046437933,0.002247214,0.003939596,1149.160898,28.7639804,9.116543508,40
(t>>8)&(((t>>11)&(t+(t*10)))|(((t|11)&9)^((t*(t^4))^6))),234.375,1651.39545,191.9810798,3662.663246,150.5271321,0.30915595,0.236602914,0.004849418,0.005253668,1528.306717,29.90062,6.774438685,40
(t>>8)&(((t>>11)&(t+(t*10)))|(((t|11)&9)^((t*(t^4))^6))),234.375,799.0733967,143.1068427,2001.407583,244.7767135,0.046550173,0.028109804,0.002066914,0.003598122,1047.532528,27.84836685,8.649330926,40
(t>>8)&(((t>>11)&(t+(t*10)))|(((t|11)&9)^((t*(t^4))^6))),234.375,1592.426793,81.48629161,3001.699094,209.8059981,0.396091876,0.064534777,0.00501079,0.013532219,1283.609109,31.45684377,8.358123025,40
(t>>8)&(((t>>11)&(t+(t*10)))|(((t|11)&9)^((t*(t^4))^6))),234.375,1283.771026,184.1469147,2824.635195,316.6644261,0.097250217,0.060496644,0.021744525,0.020431312,1154.927273,25.02362626,7.470318572,45
(t>>8)&(((t>>11)&(t+(t*10)))|(((t|11)&9)^((t*(t^4))^6))),234.375,1251.640302,162.7792961,2904.875733,238.9016923,0.120183819,0.079856115,0.002875698,0.005472118,1231.498683,29.82840499,7.980495934,45
(t>>8)&(((t>>11)&(t+(t*10)))|(((t|11)&9)^((t*(t^4))^6))),234.375,1744.145561,141.6182721,3409.748134,194.9788829,0,0,0.016698884,0.037357192,1291.372243,43.30653426,27.56739833,45
(t>>8)&(((t>>11)&(t+(t*10)))|(((t|11)&9)^((t*(t^4))^6))),234.375,1345.187614,160.9037255,2837.753198,210.0119395,0.189920584,0.05764959,0.065601148,0.017127946,1159.345808,17.05047777,4.476313685,45
(t>>8)&(((t>>11)&(t+(t*10)))|(((t|11)&9)^((t*(t^4))^6))),234.375,1417.204591,228.6303142,3003.772988,316.6144271,0.334256105,0.189672589,0.004481552,0.00215123,1241.781726,24.64469722,6.743931952,50
(t>>8)&(((t>>11)&(t+(t*10)))|(((t|11)&9)^((t*(t^4))^6))),234.375,1081.882873,165.912484,2634.653185,208.5904138,0.090803655,0.064706098,0.002030872,0.004507862,1161.576235,29.33009871,9.099380553,60
(t>>8)&(((t>>11)&(t+(t*10)))|(((t|11)&9)^((t*(t^4))^6))),234.375,970.6173456,193.4461957,2434.559901,266.0899887,0.055205973,0.03695561,0.001242006,0.002180064,1144.412909,30.93934595,7.528497087,65
(t>>8)&(((t>>11)&(t+(t*10)))|(((t|11)&9)^((t*(t^4))^6))),234.375,1507.588646,233.0790081,3232.867471,418.0426973,0.304215877,0.118769299,0.022912107,0.013164107,1309.199644,21.55370624,5.847184894,70
(t>>8)&(((t>>11)&(t+(t*10)))|(((t|11)&9)^((t*(t^4))^6))),234.375,1219.63228,234.2718317,2702.508662,306.9781081,0.116655492,0.062381063,0.009136674,0.006078066,1151.763679,27.05303691,8.92873923,90
(t>>8)&(((t>>11)&(t+(t*10)))|(((t|11)&9)^((t*(t^4))^6))),312.5,710.6314983,152.5448227,1798.257596,301.241272,0.018429754,0.015424393,0.001398939,0.002621789,1010.041868,27.46795343,8.293661722,5
(t>>8)&(((t>>11)&(t+(t*10)))|(((t|11)&9)^((t*(t^4))^6))),312.5,710.6314983,152.5448227,1798.257596,301.241272,0.018429754,0.015424393,0.001398939,0.002621789,1010.041868,27.46795343,8.293661722,20
(t>>8)&(((t>>11)&(t+(t*10)))|(((t|11)&9)^((t*(t^4))^6))),117.1875,1591.122338,157.7937676,3152.776852,176.0473172,0,0,0.135103881,0.062276475,1222.300646,19.84963474,3.649504846,25
(t>>8)&(((t>>11)&(t+(t*10)))|(((t|11)&9)^((t*(t^4))^6))),312.5,723.0857906,161.2363738,1860.491071,366.7728466,0.028474397,0.025918853,0.00148065,0.002602294,1033.068325,24.97861438,7.05225719,25
(t>>8)&(((t>>11)&(t+(t*10)))|(((t|11)&9)^((t*(t^4))^6))),312.5,709.156065,152.7578147,1794.892724,301.7650584,0.018432877,0.015489947,0.001223816,0.001938011,1009.689239,27.41878701,8.357011836,30
(t>>8)&(((t>>11)&(t+(t*10)))|(((t|11)&9)^((t*(t^4))^6))),312.5,710.6314983,152.5448227,1798.257596,301.241272,0.018429754,0.015424393,0.001398939,0.002621789,1010.041868,27.46795343,8.293661722,30
(t>>8)&(((t>>11)&(t+(t*10)))|(((t|11)&9)^((t*(t^4))^6))),312.5,725.8795777,160.6016407,1850.221549,299.6485911,0.023535364,0.020765862,0.001486995,0.002591284,1027.069184,25.82758945,7.838588648,30
(t>>8)&(((t>>11)&(t+(t*10)))|(((t|11)&9)^((t*(t^4))^6))),29.296875,1623.569461,229.283891,3162.163513,311.0069757,0,0,0.098572522,0.015737033,1242.472685,21.58966476,4.876041162,40
(t>>8)&(((t>>11)&(t+(t*10)))|(((t|11)&9)^((t*(t^4))^6))),117.1875,1585.133371,116.4382544,3201.176039,194.9603076,0,0,0.209376872,0.068400241,1267.314913,14.85209646,4.222216489,45
(t>>8)&(((t>>11)&(t+(t*10)))|(((t|11)&9)^((t*(t^4))^6))),85.22727273,1355.974821,169.8339008,3090.360141,119.3112524,0.5047964,0.016579291,0.002619708,0.003935423,1275.453026,49.58752567,34.52514766,15
(t>>8)&(((t>>11)&(t+(t*10)))|(((t|11)&9)^((t*(t^4))^6))),29.296875,1664.109004,103.593478,3324.618537,79.54366567,0.49844458,0.014879185,0.004966584,0.007694921,1315.718,29.97727832,5.225608646,50
(t>>8)&(((t>>11)&(t+(t*10)))|(((t|11)&9)^((t*(t^4))^6))),104.1666667,907.9060837,692.0458327,1997.076559,1487.66259,0.130735483,0.139471859,0.336131275,0.466522902,866.7450854,31.48836854,22.97729967,90
(t>>8)&(((t>>11)&(t+(t*10)))|(((t|11)&9)^((t*(t^4))^6))),117.1875,401.2794724,307.5687967,862.5399787,1018.75562,0.034137002,0.077678576,0.00016684,0.000631119,793.3708371,51.64989009,33.4685986,10
(t>>8)&(((t>>11)&(t+(t*10)))|(((t|11)&9)^((t*(t^4))^6))),58.59375,1045.93245,331.0015978,2708.055704,678.1283225,0.145929463,0.093784993,0.001553525,0.004297385,1285.935733,39.53082371,12.36325309,30
(t>>8)&(((t>>11)&(t+(t*10)))|(((t|11)&9)^((t*(t^4))^6))),117.1875,1748.384953,220.3078185,3614.463953,241.8859277,0,0,0.013987909,0.017051464,1429.611171,26.32146067,12.01825585,25
(t>>8)&(((t>>11)&(t+(t*10)))|(((t|11)&9)^((t*(t^4))^6))),117.1875,1577.220903,112.6815284,3027.185501,122.6386082,0.397001807,0.013178721,0.01697677,0.006296804,1246.287243,20.97406076,5.825278011,20
(t>>8)&(((t>>11)&(t+(t*10)))|(((t|11)&9)^((t*(t^4))^6))),58.59375,460.3738721,88.91324706,1089.552239,310.0989468,0.024854453,0.006519691,0.000383778,0.000385077,876.9194133,25.02365558,7.594345764,20
(t>>8)&(((t>>11)&(t+(t*10)))|(((t|11)&9)^((t*(t^4))^6))),117.1875,1027.898781,185.4813914,2541.252998,433.2120482,0.12843775,0.057814125,0.000864911,0.001573868,1194.42239,55.33022632,21.94374757,10
(t>>8)&(((t>>11)&(t+(t*10)))|(((t|11)&9)^((t*(t^4))^6))),72.11538462,1617.87287,211.1763935,3156.200027,280.973155,0.496765267,0.19984111,0.005507947,0.001310969,1338.51903,20.40084975,8.932015014,25
(t>>8)&(((t>>11)&(t+(t*10)))|(((t|11)&9)^((t*(t^4))^6))),117.1875,1407.152589,142.1558587,3080.448761,322.5222434,0.488012643,0.124784565,0.007399298,0.002981143,1233.764057,19.00359622,8.14201246,5
(t>>8)&(((t>>11)&(t+(t*10)))|(((t|11)&9)^((t*(t^4))^6))),117.1875,1275.21174,90.33703981,3090.051972,133.2170193,0.01981235,0.010572965,0.043236461,0.018064922,1293.779189,18.62444401,3.8617288,50
(t>>8)&(((t>>11)&(t+(t*10)))|(((t|11)&9)^((t*(t^4))^6))),117.1875,1704.758744,134.5873049,3639.892058,222.6754267,0.514988881,0.037243989,0.022086129,0.003484679,1468.152221,21.32781574,5.377809599,5
(t>>8)&(((t>>11)&(t+(t*10)))|(((t|11)&9)^((t*(t^4))^6))),29.296875,1083.405425,21.87153861,2500.466418,3.667020801,0.37410048,0.011106007,3.78E-06,4.95E-05,1250.508131,47.33669875,29.4706834,0
(t>>8)&(((t>>11)&(t+(t*10)))|(((t|11)&9)^((t*(t^4))^6))),234.375,1173.64271,101.8676899,2651.161047,193.9002284,0.161900112,0.018211158,0.00987897,0.003768894,1114.784147,25.89713056,5.32366964,35
(t>>8)&(((t>>11)&(t+(t*10)))|(((t|11)&9)^((t*(t^4))^6))),117.1875,884.3387004,153.6759693,2522.338086,129.7146273,0.135108151,0.058309593,0.001210944,0.005257873,1051.097092,52.14740738,22.14590557,20
(t>>8)&(((t>>11)&(t+(t*10)))|(((t|11)&9)^((t*(t^4))^6))),187.5,1752.403741,97.54840148,3527.260461,77.71953576,0,0,0.100942567,0.032458935,1289.412408,22.79587829,4.255407462,15
(t>>8)&(((t>>11)&(t+(t*10)))|(((t|11)&9)^((t*(t^4))^6))),117.1875,1679.911827,160.2037067,3287.48834,100.0219579,0.341003548,0.163238458,0.067803964,0.026980944,1279.775129,16.55019348,6.224435688,10
(t>>8)&(((t>>11)&(t+(t*10)))|(((t|11)&9)^((t*(t^4))^6))),187.5,1916.255845,119.2316637,3353.028385,212.1046309,0,0,0.027439073,0.005329903,1262.547193,24.17877274,7.562233112,5
(t>>8)&(((t>>11)&(t+(t*10)))|(((t|11)&9)^((t*(t^4))^6))),58.59375,687.5006609,83.05949827,1751.874001,187.2363317,0.02110541,0.011731052,0.00335769,0.003653906,1002.555024,23.87531876,6.900406644,20
(t>>8)&(((t>>11)&(t+(t*10)))|(((t|11)&9)^((t*(t^4))^6))),117.1875,1042.371576,532.8816607,2497.251466,1278.041515,0.172676656,0.145250546,0.001346555,0.002872963,1257.205473,34.93811801,22.45058899,40
(t>>8)&(((t>>11)&(t+(t*10)))|(((t|11)&9)^((t*(t^4))^6))),58.59375,1799.837302,104.0019623,2785.880864,48.71726201,0.591461637,0.118413079,0.003855989,0.003307458,1272.107066,22.41667612,10.34626304,5
(t>>8)&(((t>>11)&(t+(t*10)))|(((t|11)&9)^((t*(t^4))^6))),58.59375,1787.634823,87.44313574,3359.758129,104.1985787,0.387211196,0.022781686,0.238276497,0.010874262,1246.250069,15.41589521,4.338712419,5
(t>>8)&(((t>>11)&(t+(t*10)))|(((t|11)&9)^((t*(t^4))^6))),133.9285714,795.0233,174.2091789,2001.307636,352.025025,0.037019839,0.019095316,0.005467951,0.006792719,1055.7613,21.31986825,5.097832535,50
(t>>8)&(((t>>11)&(t+(t*10)))|(((t|11)&9)^((t*(t^4))^6))),117.1875,1600.182795,146.1497143,3158.548774,216.5616121,0.45078354,0.06030091,0.032460343,0.025287136,1226.057774,22.28354056,4.207946336,35
(t>>8)&(((t>>11)&(t+(t*10)))|(((t|11)&9)^((t*(t^4))^6))),117.1875,1882.957201,167.6385317,3353.661381,185.2646482,0,0,0.563938856,0.179347113,1192.792408,11.11333995,4.325756771,0
(t>>8)&(((t>>11)&(t+(t*10)))|(((t|11)&9)^((t*(t^4))^6))),58.59375,1805.895275,83.03546004,3325.601346,56.06037312,0.352247551,0.13079768,0.118292361,0.018419802,1239.239683,17.38305633,5.291156352,5
(t>>8)&(((t>>11)&(t+(t*10)))|(((t|11)&9)^((t*(t^4))^6))),85.22727273,1770.382577,130.4764493,3565.023654,205.7700797,0.499249359,0.075614868,0.033066504,0.004188681,1319.316725,19.02277881,5.090767019,5
(t>>8)&(((t>>11)&(t+(t*10)))|(((t|11)&9)^((t*(t^4))^6))),117.1875,1493.332441,112.8472753,3014.708822,158.2910116,0,0,0.04067979,0.048487809,1165.635586,23.59492599,6.140013989,35
(t>>8)&(((t>>11)&(t+(t*10)))|(((t|11)&9)^((t*(t^4))^6))),117.1875,877.8467804,88.03485586,2182.935768,161.7155766,0.074248942,0.016684113,0.004870108,0.004870426,1070.825035,24.04700358,6.354705112,25
(t>>8)&(((t>>11)&(t+(t*10)))|(((t|11)&9)^((t*(t^4))^6))),117.1875,1541.377382,161.1121411,3798.857276,131.9507536,0.553268465,0.015256225,0.000845878,0.000811073,1621.928461,31.37948427,15.36999857,5
(t>>8)&(((t>>11)&(t+(t*10)))|(((t|11)&9)^((t*(t^4))^6))),234.375,717.0592583,191.888525,1803.821295,392.7320628,0.036859508,0.035866128,0.000865199,0.002022725,1027.515116,28.88379912,7.877326912,35
(t>>8)&(((t>>11)&(t+(t*10)))|(((t|11)&9)^((t*(t^4))^6))),117.1875,1553.635292,113.1779532,2949.710155,192.2008239,0,0,0.025541745,0.033158217,1110.657313,21.22130884,9.895608611,10
(t>>8)&(((t>>11)&(t+(t*10)))|(((t|11)&9)^((t*(t^4))^6))),117.1875,1138.874249,210.1637816,2788.287913,403.1066792,0.366816864,0.127036762,0.000711581,0.001355452,1303.101351,33.4463534,22.54708876,35
(t>>8)&(((t>>11)&(t+(t*10)))|(((t|11)&9)^((t*(t^4))^6))),58.59375,636.3989302,233.7396002,1607.051239,653.3768622,0.221229927,0.164420327,1.41E-05,0.000119669,1013.307371,64.69682797,35.81287706,0
(t>>8)&(((t>>11)&(t+(t*10)))|(((t|11)&9)^((t*(t^4))^6))),234.375,710.6789613,180.5826749,1796.150386,340.5444668,0.022494253,0.022148833,0.0008455,0.002062683,1014.795177,29.83861822,9.218281334,25
(t>>8)&(((t>>11)&(t+(t*10)))|(((t|11)&9)^((t*(t^4))^6))),117.1875,336.3773391,190.3677466,711.4455624,575.0948269,0.000254031,0.000324436,0.00164222,0.002172063,724.2239042,10.59640976,8.56663093,0
(t>>8)&(((t>>11)&(t+(t*10)))|(((t|11)&9)^((t*(t^4))^6))),58.59375,469.3477816,98.16386226,1120.360808,339.3471235,0.024967934,0.007070497,0.000499862,0.000699702,884.5237311,23.88755183,6.029380951,10
(t>>8)&(((t>>11)&(t+(t*10)))|(((t|11)&9)^((t*(t^4))^6))),58.59375,1765.214423,241.0985155,3706.190032,90.17020159,0.523008562,0.212898438,0.020242311,0.003083101,1521.869299,20.71099004,6.16195581,10
(t>>8)&(((t>>11)&(t+(t*10)))|(((t|11)&9)^((t*(t^4))^6))),14.6484375,919.3194763,62.23763412,2482.534315,121.569157,0.015507354,0.000655708,0.00427175,0.000938645,1218.644742,20.14026045,6.015558446,0
(t>>8)&(((t>>11)&(t+(t*10)))|(((t|11)&9)^((t*(t^4))^6))),29.296875,1739.861145,175.8649154,3279.659182,243.2473307,0.482761277,0.15633176,0.019124586,0.011213796,1262.653983,24.95997668,9.989812031,15
(t>>8)&(((t>>11)&(t+(t*10)))|(((t|11)&9)^((t*(t^4))^6))),117.1875,668.6356925,139.4688845,1720.990472,285.7683776,0.011200277,0.00801793,0.000745483,0.003033968,1007.302036,27.91227214,8.011331956,30
(t>>8)&(((t>>11)&(t+(t*10)))|(((t|11)&9)^((t*(t^4))^6))),117.1875,784.3857752,104.0979775,2902.327092,260.1099962,0.009744803,0.000275354,0.001228683,0.001158085,1307.637075,20.50613706,7.15809223,0
(t>>8)&(((t>>11)&(t+(t*10)))|(((t|11)&9)^((t*(t^4))^6))),117.1875,1407.221785,98.39125671,2973.763993,93.10529317,0.17073186,0.050751947,0.038985848,0.026403472,1231.84602,20.14143792,4.445681385,10
(t>>8)&(((t>>11)&(t+(t*10)))|(((t|11)&9)^((t*(t^4))^6))),117.1875,1527.953684,106.6004777,3382.58762,250.7198971,0.493048499,0.078671419,0.00621242,0.003605938,1397.355339,21.20016955,10.33083334,10
(t>>8)&(((t>>11)&(t+(t*10)))|(((t|11)&9)^((t*(t^4))^6))),78.125,454.2084515,81.67173259,1061.059102,289.9947995,0.002729794,0.002435193,0.001522231,0.001202721,872.0661514,13.78686509,6.726701965,0
(t>>8)&(((t>>11)&(t+(t*10)))|(((t|11)&9)^((t*(t^4))^6))),117.1875,1606.405535,108.2235754,3435.034648,257.9759459,0.325761677,0.172731309,0.00152782,0.005541201,1363.508499,33.50397219,8.555310049,40
(t>>8)&(((t>>11)&(t+(t*10)))|(((t|11)&9)^((t*(t^4))^6))),58.59375,1173.142349,416.2081063,2841.609475,813.2802221,0.412181212,0.140476131,0.000115441,0.00095823,1299.408225,39.38581608,8.835035542,0
(t>>8)&(((t>>11)&(t+(t*10)))|(((t|11)&9)^((t*(t^4))^6))),78.125,1399.087869,76.6322756,2849.022188,148.1519227,0.298472065,0.088206603,0.001492992,0.001323558,1143.215279,27.96074322,6.656923934,35
(t>>8)&(((t>>11)&(t+(t*10)))|(((t|11)&9)^((t*(t^4))^6))),117.1875,1610.699932,152.4178624,3516.59948,12.44947212,0.623012518,0.018510012,0.001674004,0.001569945,1476.302789,28.06031045,12.59066595,10
(t>>8)&(((t>>11)&(t+(t*10)))|(((t|11)&9)^((t*(t^4))^6))),58.59375,995.8952244,142.0882247,2910.864206,353.1181155,0.05780667,0.009713623,0.001450391,0.00125738,1302.208971,25.87771006,6.377577704,0
(t>>8)&(((t>>11)&(t+(t*10)))|(((t|11)&9)^((t*(t^4))^6))),117.1875,1016.049007,116.3493867,2599.996668,119.6900738,0.120468042,0.003617388,0.004359777,0.00176864,1190.049207,20.32762929,5.779676407,15
(t>>8)&(((t>>11)&(t+(t*10)))|(((t|11)&9)^((t*(t^4))^6))),66.96428571,1494.759036,82.04542843,3026.410914,42.51364714,0.259821845,0.030380514,0.038569961,0.006187089,1240.793499,20.22853198,4.37635531,20
(t>>8)&(((t>>11)&(t+(t*10)))|(((t|11)&9)^((t*(t^4))^6))),58.59375,687.5006609,83.05949827,1751.874001,187.2363317,0.02110541,0.011731052,0.00335769,0.003653906,1002.555024,23.87531876,6.900406644,20
(t>>8)&(((t>>11)&(t+(t*10)))|(((t|11)&9)^((t*(t^4))^6))),117.1875,1873.138704,121.5109742,3830.573694,127.5501777,0.639960771,0.143679454,0.006851098,0.007891755,1593.215693,23.08495375,7.541714276,15
(t>>8)&(((t>>11)&(t+(t*10)))|(((t|11)&9)^((t*(t^4))^6))),0,1838.430366,93.83958774,3693.122002,56.93175222,0.582938058,0.019127437,0.042859051,0.005160842,1388.965856,22.69672892,3.231844135,10
(t>>8)&(((t>>11)&(t+(t*10)))|(((t|11)&9)^((t*(t^4))^6))),104.1666667,1786.938697,201.9887044,3348.997201,167.2792066,0,0,0.005163505,0.009716381,1216.361863,42.45972986,16.1615444,35
(t>>8)&(((t>>11)&(t+(t*10)))|(((t|11)&9)^((t*(t^4))^6))),72.11538462,1221.97789,79.0554931,2358.883595,92.83623631,0.23312879,0.049829311,0.00526627,0.005697958,1042.523404,27.61463942,4.954088916,20
(t>>8)&(((t>>11)&(t+(t*10)))|(((t|11)&9)^((t*(t^4))^6))),117.1875,1653.241111,91.28930923,3433.801972,105.7218093,0.519881063,0.054153289,0.003897673,0.006502152,1368.731752,69.19745485,34.70354173,10
(t>>8)&(((t>>11)&(t+(t*10)))|(((t|11)&9)^((t*(t^4))^6))),156.25,1673.627971,82.53679937,3688.716018,113.4433392,0.370090119,0.023777864,0.03338103,0.007053363,1400.155857,18.3120919,4.2539626,0
(t>>8)&(((t>>11)&(t+(t*10)))|(((t|11)&9)^((t*(t^4))^6))),117.1875,793.6322611,94.09392248,1998.767324,165.2891325,0.083909415,0.011331589,0.00525145,0.004106589,1052.151381,27.76095309,7.087157188,35
(t>>8)&(((t>>11)&(t+(t*10)))|(((t|11)&9)^((t*(t^4))^6))),117.1875,786.4811981,96.90457289,2011.577159,308.0283109,0.024848206,0.011900537,0.004340807,0.004206234,1029.025857,28.5183616,19.28178531,10
(t>>8)&(((t>>11)&(t+(t*10)))|(((t|11)&9)^((t*(t^4))^6))),234.375,1205.747898,130.8150866,2481.926306,234.8453673,0.191006463,0.04284044,0.017586323,0.091903567,1021.969256,40.53775441,29.87949741,55
(t>>8)&(((t>>11)&(t+(t*10)))|(((t|11)&9)^((t*(t^4))^6))),104.1666667,1012.515001,88.51021333,2746.84335,247.2254456,0.019010694,0.00250593,0.006803034,0.001146602,1251.244476,16.74199054,7.082094083,0
(t>>8)&(((t>>11)&(t+(t*10)))|(((t|11)&9)^((t*(t^4))^6))),117.1875,1078.757819,120.4043655,2858.841951,140.8798722,0.061302722,0.001427436,0.011212495,0.008645193,1177.910876,20.98016424,4.982389222,5
(t>>8)&(((t>>11)&(t+(t*10)))|(((t|11)&9)^((t*(t^4))^6))),117.1875,733.3359678,187.4054884,1837.886461,332.1592085,0.028096474,0.02686082,0.002474407,0.002595172,1013.420557,26.43023878,6.278881235,30
(t>>8)&(((t>>11)&(t+(t*10)))|(((t|11)&9)^((t*(t^4))^6))),78.125,1665.620052,117.5547432,3454.965685,106.1531787,0,0,0.00270976,0.005464821,1352.798566,54.17281323,21.32297788,15
(t>>8)&(((t>>11)&(t+(t*10)))|(((t|11)&9)^((t*(t^4))^6))),117.1875,1737.786262,123.5636549,3690.590019,311.1986874,0.558725971,0.121815826,0.003775761,0.001550084,1489.092189,20.8591342,10.08203436,20
(t>>8)&(((t>>11)&(t+(t*10)))|(((t|11)&9)^((t*(t^4))^6))),117.1875,1759.832052,65.7693424,3382.454358,48.33449427,0.366082881,0.012254989,0.07294336,0.022047574,1289.544245,18.97633236,4.763583197,5
(t>>8)&(((t>>11)&(t+(t*10)))|(((t|11)&9)^((t*(t^4))^6))),117.1875,1321.236156,97.77562517,2726.312633,250.2524774,0.496486249,0.015022757,0.006287913,0.000767999,1317.726762,15.74232077,7.179519396,0
(t>>8)&(((t>>11)&(t+(t*10)))|(((t|11)&9)^((t*(t^4))^6))),117.1875,1517.500543,74.33291761,3923.757329,17.64817572,0.338622526,0.009656091,0.005643206,0.001773358,1637.095448,27.48079349,10.12086258,0
(t>>8)&(((t>>11)&(t+(t*10)))|(((t|11)&9)^((t*(t^4))^6))),117.1875,1320.363601,98.48456818,2725.28818,257.4144937,0.496486249,0.015022757,0.006248593,0.00076909,1317.502006,15.75374041,7.18678813,0
(t>>8)&(((t>>11)&(t+(t*10)))|(((t|11)&9)^((t*(t^4))^6))),117.1875,1351.467029,369.511991,2995.010994,728.6859056,0,0,0.081479654,0.052858356,1268.391148,14.74312323,5.512329045,30
(t>>8)&(((t>>11)&(t+(t*10)))|(((t|11)&9)^((t*(t^4))^6))),187.5,1756.531872,155.9470141,3250.916178,162.4757283,0.364736724,0.064894664,0.084848806,0.034496278,1235.643151,20.25396997,4.056160509,10
(t>>8)&(((t>>11)&(t+(t*10)))|(((t|11)&9)^((t*(t^4))^6))),117.1875,1069.115209,111.0171933,2070.579025,22.32837341,0.15864768,0.018508743,0.012991671,0.003085908,1027.736449,18.82356711,5.685104452,5
(t>>8)&(((t>>11)&(t+(t*10)))|(((t|11)&9)^((t*(t^4))^6))),117.1875,828.3001111,163.1471625,2035.689299,283.4008824,0.031642499,0.01551746,0.004768204,0.009816115,1030.750429,28.43574562,8.21146697,15
(t>>8)&(((t>>11)&(t+(t*10)))|(((t|11)&9)^((t*(t^4))^6))),117.1875,971.5134864,119.1615639,2041.286314,20.65182136,0.154443672,0.004465199,0.011758404,0.003617516,1032.957979,18.55833461,5.661877172,5
(t>>8)&(((t>>11)&(t+(t*10)))|(((t|11)&9)^((t*(t^4))^6))),117.1875,1711.441908,174.309868,3194.138126,155.0284374,0,0,0.055707455,0.013472921,1244.436308,21.12330198,5.013703075,5